Revenue Daily,Consumption (KWH)
1-Jan-2010,45446.03078
2-Jan-2010,45446.03078
3-Jan-2010,45446.03078
4-Jan-2010,45446.03078
5-Jan-2010,45446.03078
6-Jan-2010,45446.03078
7-Jan-2010,45446.03078
8-Jan-2010,45446.03078
9-Jan-2010,45446.03078
10-Jan-2010,45446.03078
11-Jan-2010,45446.03078
12-Jan-2010,45446.03078
13-Jan-2010,45446.03078
14-Jan-2010,45446.03078
15-Jan-2010,45446.03078
16-Jan-2010,45446.03078
17-Jan-2010,45446.03078
18-Jan-2010,45446.03078
19-Jan-2010,45446.03078
20-Jan-2010,45446.03078
21-Jan-2010,45446.03078
22-Jan-2010,45446.03078
23-Jan-2010,45446.03078
24-Jan-2010,45446.03078
25-Jan-2010,45446.03078
26-Jan-2010,45446.03078
27-Jan-2010,45446.03078
28-Jan-2010,45446.03078
29-Jan-2010,45446.03078
30-Jan-2010,45446.03078
31-Jan-2010,45446.03078
1-Feb-2010,38808.14458
2-Feb-2010,38808.14458
3-Feb-2010,38808.14458
4-Feb-2010,38808.14458
5-Feb-2010,38808.14458
6-Feb-2010,38808.14458
7-Feb-2010,38808.14458
8-Feb-2010,38808.14458
9-Feb-2010,38808.14458
10-Feb-2010,38808.14458
11-Feb-2010,38808.14458
12-Feb-2010,38808.14458
13-Feb-2010,38808.14458
14-Feb-2010,38808.14458
15-Feb-2010,38808.14458
16-Feb-2010,38808.14458
17-Feb-2010,38808.14458
18-Feb-2010,38808.14458
19-Feb-2010,38808.14458
20-Feb-2010,38808.14458
21-Feb-2010,38808.14458
22-Feb-2010,38808.14458
23-Feb-2010,38808.14458
24-Feb-2010,38808.14458
25-Feb-2010,38808.14458
26-Feb-2010,38808.14458
27-Feb-2010,38808.14458
28-Feb-2010,38808.14458
1-Mar-2010,36667.21094
2-Mar-2010,36667.21094
3-Mar-2010,36667.21094
4-Mar-2010,36667.21094
5-Mar-2010,36667.21094
6-Mar-2010,36667.21094
7-Mar-2010,36667.21094
8-Mar-2010,36667.21094
9-Mar-2010,36667.21094
10-Mar-2010,36667.21094
11-Mar-2010,36667.21094
12-Mar-2010,36667.21094
13-Mar-2010,36667.21094
14-Mar-2010,36667.21094
15-Mar-2010,36667.21094
16-Mar-2010,36667.21094
17-Mar-2010,36667.21094
18-Mar-2010,36667.21094
19-Mar-2010,36667.21094
20-Mar-2010,36667.21094
21-Mar-2010,36667.21094
22-Mar-2010,36667.21094
23-Mar-2010,36667.21094
24-Mar-2010,36667.21094
25-Mar-2010,36667.21094
26-Mar-2010,36667.21094
27-Mar-2010,36667.21094
28-Mar-2010,36667.21094
29-Mar-2010,36667.21094
30-Mar-2010,36667.21094
31-Mar-2010,36667.21094
1-Apr-2010,36808.51446
2-Apr-2010,36808.51446
3-Apr-2010,36808.51446
4-Apr-2010,36808.51446
5-Apr-2010,36808.51446
6-Apr-2010,36808.51446
7-Apr-2010,36808.51446
8-Apr-2010,36808.51446
9-Apr-2010,36808.51446
10-Apr-2010,36808.51446
11-Apr-2010,36808.51446
12-Apr-2010,36808.51446
13-Apr-2010,36808.51446
14-Apr-2010,36808.51446
15-Apr-2010,36808.51446
16-Apr-2010,36808.51446
17-Apr-2010,36808.51446
18-Apr-2010,36808.51446
19-Apr-2010,36808.51446
20-Apr-2010,36808.51446
21-Apr-2010,36808.51446
22-Apr-2010,36808.51446
23-Apr-2010,36808.51446
24-Apr-2010,36808.51446
25-Apr-2010,36808.51446
26-Apr-2010,36808.51446
27-Apr-2010,36808.51446
28-Apr-2010,36808.51446
29-Apr-2010,36808.51446
30-Apr-2010,36808.51446
1-May-2010,36933.63288
2-May-2010,36933.63288
3-May-2010,36933.63288
4-May-2010,36933.63288
5-May-2010,36933.63288
6-May-2010,36933.63288
7-May-2010,36933.63288
8-May-2010,36933.63288
9-May-2010,36933.63288
10-May-2010,36933.63288
11-May-2010,36933.63288
12-May-2010,36933.63288
13-May-2010,36933.63288
14-May-2010,36933.63288
15-May-2010,36933.63288
16-May-2010,36933.63288
17-May-2010,36933.63288
18-May-2010,36933.63288
19-May-2010,36933.63288
20-May-2010,36933.63288
21-May-2010,36933.63288
22-May-2010,36933.63288
23-May-2010,36933.63288
24-May-2010,36933.63288
25-May-2010,36933.63288
26-May-2010,36933.63288
27-May-2010,36933.63288
28-May-2010,36933.63288
29-May-2010,36933.63288
30-May-2010,36933.63288
31-May-2010,36933.63288
1-Jun-2010,48028.77314
2-Jun-2010,48028.77314
3-Jun-2010,48028.77314
4-Jun-2010,48028.77314
5-Jun-2010,48028.77314
6-Jun-2010,48028.77314
7-Jun-2010,48028.77314
8-Jun-2010,48028.77314
9-Jun-2010,48028.77314
10-Jun-2010,48028.77314
11-Jun-2010,48028.77314
12-Jun-2010,48028.77314
13-Jun-2010,48028.77314
14-Jun-2010,48028.77314
15-Jun-2010,48028.77314
16-Jun-2010,48028.77314
17-Jun-2010,48028.77314
18-Jun-2010,48028.77314
19-Jun-2010,48028.77314
20-Jun-2010,48028.77314
21-Jun-2010,48028.77314
22-Jun-2010,48028.77314
23-Jun-2010,48028.77314
24-Jun-2010,48028.77314
25-Jun-2010,48028.77314
26-Jun-2010,48028.77314
27-Jun-2010,48028.77314
28-Jun-2010,48028.77314
29-Jun-2010,48028.77314
30-Jun-2010,48028.77314
1-Jul-2010,63708.21182
2-Jul-2010,63708.21182
3-Jul-2010,63708.21182
4-Jul-2010,63708.21182
5-Jul-2010,63708.21182
6-Jul-2010,63708.21182
7-Jul-2010,63708.21182
8-Jul-2010,63708.21182
9-Jul-2010,63708.21182
10-Jul-2010,63708.21182
11-Jul-2010,63708.21182
12-Jul-2010,63708.21182
13-Jul-2010,63708.21182
14-Jul-2010,63708.21182
15-Jul-2010,63708.21182
16-Jul-2010,63708.21182
17-Jul-2010,63708.21182
18-Jul-2010,63708.21182
19-Jul-2010,63708.21182
20-Jul-2010,63708.21182
21-Jul-2010,63708.21182
22-Jul-2010,63708.21182
23-Jul-2010,63708.21182
24-Jul-2010,63708.21182
25-Jul-2010,63708.21182
26-Jul-2010,63708.21182
27-Jul-2010,63708.21182
28-Jul-2010,63708.21182
29-Jul-2010,63708.21182
30-Jul-2010,63708.21182
31-Jul-2010,63708.21182
1-Aug-2010,61722.96423
2-Aug-2010,61722.96423
3-Aug-2010,61722.96423
4-Aug-2010,61722.96423
5-Aug-2010,61722.96423
6-Aug-2010,61722.96423
7-Aug-2010,61722.96423
8-Aug-2010,61722.96423
9-Aug-2010,61722.96423
10-Aug-2010,61722.96423
11-Aug-2010,61722.96423
12-Aug-2010,61722.96423
13-Aug-2010,61722.96423
14-Aug-2010,61722.96423
15-Aug-2010,61722.96423
16-Aug-2010,61722.96423
17-Aug-2010,61722.96423
18-Aug-2010,61722.96423
19-Aug-2010,61722.96423
20-Aug-2010,61722.96423
21-Aug-2010,61722.96423
22-Aug-2010,61722.96423
23-Aug-2010,61722.96423
24-Aug-2010,61722.96423
25-Aug-2010,61722.96423
26-Aug-2010,61722.96423
27-Aug-2010,61722.96423
28-Aug-2010,61722.96423
29-Aug-2010,61722.96423
30-Aug-2010,61722.96423
31-Aug-2010,61722.96423
1-Sep-2010,47599.56207
2-Sep-2010,47599.56207
3-Sep-2010,47599.56207
4-Sep-2010,47599.56207
5-Sep-2010,47599.56207
6-Sep-2010,47599.56207
7-Sep-2010,47599.56207
8-Sep-2010,47599.56207
9-Sep-2010,47599.56207
10-Sep-2010,47599.56207
11-Sep-2010,47599.56207
12-Sep-2010,47599.56207
13-Sep-2010,47599.56207
14-Sep-2010,47599.56207
15-Sep-2010,47599.56207
16-Sep-2010,47599.56207
17-Sep-2010,47599.56207
18-Sep-2010,47599.56207
19-Sep-2010,47599.56207
20-Sep-2010,47599.56207
21-Sep-2010,47599.56207
22-Sep-2010,47599.56207
23-Sep-2010,47599.56207
24-Sep-2010,47599.56207
25-Sep-2010,47599.56207
26-Sep-2010,47599.56207
27-Sep-2010,47599.56207
28-Sep-2010,47599.56207
29-Sep-2010,47599.56207
30-Sep-2010,47599.56207
1-Oct-2010,39679.06308
2-Oct-2010,39679.06308
3-Oct-2010,39679.06308
4-Oct-2010,39679.06308
5-Oct-2010,39679.06308
6-Oct-2010,39679.06308
7-Oct-2010,39679.06308
8-Oct-2010,39679.06308
9-Oct-2010,39679.06308
10-Oct-2010,39679.06308
11-Oct-2010,39679.06308
12-Oct-2010,39679.06308
13-Oct-2010,39679.06308
14-Oct-2010,39679.06308
15-Oct-2010,39679.06308
16-Oct-2010,39679.06308
17-Oct-2010,39679.06308
18-Oct-2010,39679.06308
19-Oct-2010,39679.06308
20-Oct-2010,39679.06308
21-Oct-2010,39679.06308
22-Oct-2010,39679.06308
23-Oct-2010,39679.06308
24-Oct-2010,39679.06308
25-Oct-2010,39679.06308
26-Oct-2010,39679.06308
27-Oct-2010,39679.06308
28-Oct-2010,39679.06308
29-Oct-2010,39679.06308
30-Oct-2010,39679.06308
31-Oct-2010,39679.06308
1-Nov-2010,39462.46011
2-Nov-2010,39462.46011
3-Nov-2010,39462.46011
4-Nov-2010,39462.46011
5-Nov-2010,39462.46011
6-Nov-2010,39462.46011
7-Nov-2010,39462.46011
8-Nov-2010,39462.46011
9-Nov-2010,39462.46011
10-Nov-2010,39462.46011
11-Nov-2010,39462.46011
12-Nov-2010,39462.46011
13-Nov-2010,39462.46011
14-Nov-2010,39462.46011
15-Nov-2010,39462.46011
16-Nov-2010,39462.46011
17-Nov-2010,39462.46011
18-Nov-2010,39462.46011
19-Nov-2010,39462.46011
20-Nov-2010,39462.46011
21-Nov-2010,39462.46011
22-Nov-2010,39462.46011
23-Nov-2010,39462.46011
24-Nov-2010,39462.46011
25-Nov-2010,39462.46011
26-Nov-2010,39462.46011
27-Nov-2010,39462.46011
28-Nov-2010,39462.46011
29-Nov-2010,39462.46011
30-Nov-2010,39462.46011
1-Dec-2010,40121.19911
2-Dec-2010,40121.19911
3-Dec-2010,40121.19911
4-Dec-2010,40121.19911
5-Dec-2010,40121.19911
6-Dec-2010,40121.19911
7-Dec-2010,40121.19911
8-Dec-2010,40121.19911
9-Dec-2010,40121.19911
10-Dec-2010,40121.19911
11-Dec-2010,40121.19911
12-Dec-2010,40121.19911
13-Dec-2010,40121.19911
14-Dec-2010,40121.19911
15-Dec-2010,40121.19911
16-Dec-2010,40121.19911
17-Dec-2010,40121.19911
18-Dec-2010,40121.19911
19-Dec-2010,40121.19911
20-Dec-2010,40121.19911
21-Dec-2010,40121.19911
22-Dec-2010,40121.19911
23-Dec-2010,40121.19911
24-Dec-2010,40121.19911
25-Dec-2010,40121.19911
26-Dec-2010,40121.19911
27-Dec-2010,40121.19911
28-Dec-2010,40121.19911
29-Dec-2010,40121.19911
30-Dec-2010,40121.19911
31-Dec-2010,40121.19911
1-Jan-2012,37313.38128
2-Jan-2012,37313.38128
3-Jan-2012,37313.38128
4-Jan-2012,37313.38128
5-Jan-2012,37313.38128
6-Jan-2012,37313.38128
7-Jan-2012,37313.38128
8-Jan-2012,37313.38128
9-Jan-2012,37313.38128
10-Jan-2012,37313.38128
11-Jan-2012,37313.38128
12-Jan-2012,37313.38128
13-Jan-2012,37313.38128
14-Jan-2012,37313.38128
15-Jan-2012,37313.38128
16-Jan-2012,37313.38128
17-Jan-2012,37313.38128
18-Jan-2012,37313.38128
19-Jan-2012,37313.38128
20-Jan-2012,37313.38128
21-Jan-2012,37313.38128
22-Jan-2012,37313.38128
23-Jan-2012,37313.38128
24-Jan-2012,37313.38128
25-Jan-2012,37313.38128
26-Jan-2012,37313.38128
27-Jan-2012,37313.38128
28-Jan-2012,37313.38128
29-Jan-2012,37313.38128
30-Jan-2012,37313.38128
31-Jan-2012,37313.38128
1-Feb-2012,32108.25459
2-Feb-2012,32108.25459
3-Feb-2012,32108.25459
4-Feb-2012,32108.25459
5-Feb-2012,32108.25459
6-Feb-2012,32108.25459
7-Feb-2012,32108.25459
8-Feb-2012,32108.25459
9-Feb-2012,32108.25459
10-Feb-2012,32108.25459
11-Feb-2012,32108.25459
12-Feb-2012,32108.25459
13-Feb-2012,32108.25459
14-Feb-2012,32108.25459
15-Feb-2012,32108.25459
16-Feb-2012,32108.25459
17-Feb-2012,32108.25459
18-Feb-2012,32108.25459
19-Feb-2012,32108.25459
20-Feb-2012,32108.25459
21-Feb-2012,32108.25459
22-Feb-2012,32108.25459
23-Feb-2012,32108.25459
24-Feb-2012,32108.25459
25-Feb-2012,32108.25459
26-Feb-2012,32108.25459
27-Feb-2012,32108.25459
28-Feb-2012,32108.25459
29-Feb-2012,32108.25459
1-Mar-2012,32078.38429
2-Mar-2012,32078.38429
3-Mar-2012,32078.38429
4-Mar-2012,32078.38429
5-Mar-2012,32078.38429
6-Mar-2012,32078.38429
7-Mar-2012,32078.38429
8-Mar-2012,32078.38429
9-Mar-2012,32078.38429
10-Mar-2012,32078.38429
11-Mar-2012,32078.38429
12-Mar-2012,32078.38429
13-Mar-2012,32078.38429
14-Mar-2012,32078.38429
15-Mar-2012,32078.38429
16-Mar-2012,32078.38429
17-Mar-2012,32078.38429
18-Mar-2012,32078.38429
19-Mar-2012,32078.38429
20-Mar-2012,32078.38429
21-Mar-2012,32078.38429
22-Mar-2012,32078.38429
23-Mar-2012,32078.38429
24-Mar-2012,32078.38429
25-Mar-2012,32078.38429
26-Mar-2012,32078.38429
27-Mar-2012,32078.38429
28-Mar-2012,32078.38429
29-Mar-2012,32078.38429
30-Mar-2012,32078.38429
31-Mar-2012,32078.38429
1-Apr-2012,28782.53982
2-Apr-2012,28782.53982
3-Apr-2012,28782.53982
4-Apr-2012,28782.53982
5-Apr-2012,28782.53982
6-Apr-2012,28782.53982
7-Apr-2012,28782.53982
8-Apr-2012,28782.53982
9-Apr-2012,28782.53982
10-Apr-2012,28782.53982
11-Apr-2012,28782.53982
12-Apr-2012,28782.53982
13-Apr-2012,28782.53982
14-Apr-2012,28782.53982
15-Apr-2012,28782.53982
16-Apr-2012,28782.53982
17-Apr-2012,28782.53982
18-Apr-2012,28782.53982
19-Apr-2012,28782.53982
20-Apr-2012,28782.53982
21-Apr-2012,28782.53982
22-Apr-2012,28782.53982
23-Apr-2012,28782.53982
24-Apr-2012,28782.53982
25-Apr-2012,28782.53982
26-Apr-2012,28782.53982
27-Apr-2012,28782.53982
28-Apr-2012,28782.53982
29-Apr-2012,28782.53982
30-Apr-2012,28782.53982
1-May-2012,29113.93017
2-May-2012,29113.93017
3-May-2012,29113.93017
4-May-2012,29113.93017
5-May-2012,29113.93017
6-May-2012,29113.93017
7-May-2012,29113.93017
8-May-2012,29113.93017
9-May-2012,29113.93017
10-May-2012,29113.93017
11-May-2012,29113.93017
12-May-2012,29113.93017
13-May-2012,29113.93017
14-May-2012,29113.93017
15-May-2012,29113.93017
16-May-2012,29113.93017
17-May-2012,29113.93017
18-May-2012,29113.93017
19-May-2012,29113.93017
20-May-2012,29113.93017
21-May-2012,29113.93017
22-May-2012,29113.93017
23-May-2012,29113.93017
24-May-2012,29113.93017
25-May-2012,29113.93017
26-May-2012,29113.93017
27-May-2012,29113.93017
28-May-2012,29113.93017
29-May-2012,29113.93017
30-May-2012,29113.93017
31-May-2012,29113.93017
1-Jun-2012,37372.73724
2-Jun-2012,37372.73724
3-Jun-2012,37372.73724
4-Jun-2012,37372.73724
5-Jun-2012,37372.73724
6-Jun-2012,37372.73724
7-Jun-2012,37372.73724
8-Jun-2012,37372.73724
9-Jun-2012,37372.73724
10-Jun-2012,37372.73724
11-Jun-2012,37372.73724
12-Jun-2012,37372.73724
13-Jun-2012,37372.73724
14-Jun-2012,37372.73724
15-Jun-2012,37372.73724
16-Jun-2012,37372.73724
17-Jun-2012,37372.73724
18-Jun-2012,37372.73724
19-Jun-2012,37372.73724
20-Jun-2012,37372.73724
21-Jun-2012,37372.73724
22-Jun-2012,37372.73724
23-Jun-2012,37372.73724
24-Jun-2012,37372.73724
25-Jun-2012,37372.73724
26-Jun-2012,37372.73724
27-Jun-2012,37372.73724
28-Jun-2012,37372.73724
29-Jun-2012,37372.73724
30-Jun-2012,37372.73724
1-Jul-2012,53037.93461
2-Jul-2012,53037.93461
3-Jul-2012,53037.93461
4-Jul-2012,53037.93461
5-Jul-2012,53037.93461
6-Jul-2012,53037.93461
7-Jul-2012,53037.93461
8-Jul-2012,53037.93461
9-Jul-2012,53037.93461
10-Jul-2012,53037.93461
11-Jul-2012,53037.93461
12-Jul-2012,53037.93461
13-Jul-2012,53037.93461
14-Jul-2012,53037.93461
15-Jul-2012,53037.93461
16-Jul-2012,53037.93461
17-Jul-2012,53037.93461
18-Jul-2012,53037.93461
19-Jul-2012,53037.93461
20-Jul-2012,53037.93461
21-Jul-2012,53037.93461
22-Jul-2012,53037.93461
23-Jul-2012,53037.93461
24-Jul-2012,53037.93461
25-Jul-2012,53037.93461
26-Jul-2012,53037.93461
27-Jul-2012,53037.93461
28-Jul-2012,53037.93461
29-Jul-2012,53037.93461
30-Jul-2012,53037.93461
31-Jul-2012,53037.93461
1-Aug-2012,48004.8844
2-Aug-2012,48004.8844
3-Aug-2012,48004.8844
4-Aug-2012,48004.8844
5-Aug-2012,48004.8844
6-Aug-2012,48004.8844
7-Aug-2012,48004.8844
8-Aug-2012,48004.8844
9-Aug-2012,48004.8844
10-Aug-2012,48004.8844
11-Aug-2012,48004.8844
12-Aug-2012,48004.8844
13-Aug-2012,48004.8844
14-Aug-2012,48004.8844
15-Aug-2012,48004.8844
16-Aug-2012,48004.8844
17-Aug-2012,48004.8844
18-Aug-2012,48004.8844
19-Aug-2012,48004.8844
20-Aug-2012,48004.8844
21-Aug-2012,48004.8844
22-Aug-2012,48004.8844
23-Aug-2012,48004.8844
24-Aug-2012,48004.8844
25-Aug-2012,48004.8844
26-Aug-2012,48004.8844
27-Aug-2012,48004.8844
28-Aug-2012,48004.8844
29-Aug-2012,48004.8844
30-Aug-2012,48004.8844
31-Aug-2012,48004.8844
1-Sep-2012,42011.23492
2-Sep-2012,42011.23492
3-Sep-2012,42011.23492
4-Sep-2012,42011.23492
5-Sep-2012,42011.23492
6-Sep-2012,42011.23492
7-Sep-2012,42011.23492
8-Sep-2012,42011.23492
9-Sep-2012,42011.23492
10-Sep-2012,42011.23492
11-Sep-2012,42011.23492
12-Sep-2012,42011.23492
13-Sep-2012,42011.23492
14-Sep-2012,42011.23492
15-Sep-2012,42011.23492
16-Sep-2012,42011.23492
17-Sep-2012,42011.23492
18-Sep-2012,42011.23492
19-Sep-2012,42011.23492
20-Sep-2012,42011.23492
21-Sep-2012,42011.23492
22-Sep-2012,42011.23492
23-Sep-2012,42011.23492
24-Sep-2012,42011.23492
25-Sep-2012,42011.23492
26-Sep-2012,42011.23492
27-Sep-2012,42011.23492
28-Sep-2012,42011.23492
29-Sep-2012,42011.23492
30-Sep-2012,42011.23492
1-Oct-2012,33364.06017
2-Oct-2012,33364.06017
3-Oct-2012,33364.06017
4-Oct-2012,33364.06017
5-Oct-2012,33364.06017
6-Oct-2012,33364.06017
7-Oct-2012,33364.06017
8-Oct-2012,33364.06017
9-Oct-2012,33364.06017
10-Oct-2012,33364.06017
11-Oct-2012,33364.06017
12-Oct-2012,33364.06017
13-Oct-2012,33364.06017
14-Oct-2012,33364.06017
15-Oct-2012,33364.06017
16-Oct-2012,33364.06017
17-Oct-2012,33364.06017
18-Oct-2012,33364.06017
19-Oct-2012,33364.06017
20-Oct-2012,33364.06017
21-Oct-2012,33364.06017
22-Oct-2012,33364.06017
23-Oct-2012,33364.06017
24-Oct-2012,33364.06017
25-Oct-2012,33364.06017
26-Oct-2012,33364.06017
27-Oct-2012,33364.06017
28-Oct-2012,33364.06017
29-Oct-2012,33364.06017
30-Oct-2012,33364.06017
31-Oct-2012,33364.06017
1-Nov-2012,29354.47025
2-Nov-2012,29354.47025
3-Nov-2012,29354.47025
4-Nov-2012,29354.47025
5-Nov-2012,29354.47025
6-Nov-2012,29354.47025
7-Nov-2012,29354.47025
8-Nov-2012,29354.47025
9-Nov-2012,29354.47025
10-Nov-2012,29354.47025
11-Nov-2012,29354.47025
12-Nov-2012,29354.47025
13-Nov-2012,29354.47025
14-Nov-2012,29354.47025
15-Nov-2012,29354.47025
16-Nov-2012,29354.47025
17-Nov-2012,29354.47025
18-Nov-2012,29354.47025
19-Nov-2012,29354.47025
20-Nov-2012,29354.47025
21-Nov-2012,29354.47025
22-Nov-2012,29354.47025
23-Nov-2012,29354.47025
24-Nov-2012,29354.47025
25-Nov-2012,29354.47025
26-Nov-2012,29354.47025
27-Nov-2012,29354.47025
28-Nov-2012,29354.47025
29-Nov-2012,29354.47025
30-Nov-2012,29354.47025
1-Dec-2012,33311.04937
2-Dec-2012,33311.04937
3-Dec-2012,33311.04937
4-Dec-2012,33311.04937
5-Dec-2012,33311.04937
6-Dec-2012,33311.04937
7-Dec-2012,33311.04937
8-Dec-2012,33311.04937
9-Dec-2012,33311.04937
10-Dec-2012,33311.04937
11-Dec-2012,33311.04937
12-Dec-2012,33311.04937
13-Dec-2012,33311.04937
14-Dec-2012,33311.04937
15-Dec-2012,33311.04937
16-Dec-2012,33311.04937
17-Dec-2012,33311.04937
18-Dec-2012,33311.04937
19-Dec-2012,33311.04937
20-Dec-2012,33311.04937
21-Dec-2012,33311.04937
22-Dec-2012,33311.04937
23-Dec-2012,33311.04937
24-Dec-2012,33311.04937
25-Dec-2012,33311.04937
26-Dec-2012,33311.04937
27-Dec-2012,33311.04937
28-Dec-2012,33311.04937
29-Dec-2012,33311.04937
30-Dec-2012,33311.04937
31-Dec-2012,33311.04937
1-Jan-2013,32873.24721
2-Jan-2013,32873.24721
3-Jan-2013,32873.24721
4-Jan-2013,32873.24721
5-Jan-2013,32873.24721
6-Jan-2013,32873.24721
7-Jan-2013,32873.24721
8-Jan-2013,32873.24721
9-Jan-2013,32873.24721
10-Jan-2013,32873.24721
11-Jan-2013,32873.24721
12-Jan-2013,32873.24721
13-Jan-2013,32873.24721
14-Jan-2013,32873.24721
15-Jan-2013,32873.24721
16-Jan-2013,32873.24721
17-Jan-2013,32873.24721
18-Jan-2013,32873.24721
19-Jan-2013,32873.24721
20-Jan-2013,32873.24721
21-Jan-2013,32873.24721
22-Jan-2013,32873.24721
23-Jan-2013,32873.24721
24-Jan-2013,32873.24721
25-Jan-2013,32873.24721
26-Jan-2013,32873.24721
27-Jan-2013,32873.24721
28-Jan-2013,32873.24721
29-Jan-2013,32873.24721
30-Jan-2013,32873.24721
31-Jan-2013,32873.24721
1-Feb-2013,31917.20809
2-Feb-2013,31917.20809
3-Feb-2013,31917.20809
4-Feb-2013,31917.20809
5-Feb-2013,31917.20809
6-Feb-2013,31917.20809
7-Feb-2013,31917.20809
8-Feb-2013,31917.20809
9-Feb-2013,31917.20809
10-Feb-2013,31917.20809
11-Feb-2013,31917.20809
12-Feb-2013,31917.20809
13-Feb-2013,31917.20809
14-Feb-2013,31917.20809
15-Feb-2013,31917.20809
16-Feb-2013,31917.20809
17-Feb-2013,31917.20809
18-Feb-2013,31917.20809
19-Feb-2013,31917.20809
20-Feb-2013,31917.20809
21-Feb-2013,31917.20809
22-Feb-2013,31917.20809
23-Feb-2013,31917.20809
24-Feb-2013,31917.20809
25-Feb-2013,31917.20809
26-Feb-2013,31917.20809
27-Feb-2013,31917.20809
28-Feb-2013,31917.20809
1-Mar-2013,27889.65082
2-Mar-2013,27889.65082
3-Mar-2013,27889.65082
4-Mar-2013,27889.65082
5-Mar-2013,27889.65082
6-Mar-2013,27889.65082
7-Mar-2013,27889.65082
8-Mar-2013,27889.65082
9-Mar-2013,27889.65082
10-Mar-2013,27889.65082
11-Mar-2013,27889.65082
12-Mar-2013,27889.65082
13-Mar-2013,27889.65082
14-Mar-2013,27889.65082
15-Mar-2013,27889.65082
16-Mar-2013,27889.65082
17-Mar-2013,27889.65082
18-Mar-2013,27889.65082
19-Mar-2013,27889.65082
20-Mar-2013,27889.65082
21-Mar-2013,27889.65082
22-Mar-2013,27889.65082
23-Mar-2013,27889.65082
24-Mar-2013,27889.65082
25-Mar-2013,27889.65082
26-Mar-2013,27889.65082
27-Mar-2013,27889.65082
28-Mar-2013,27889.65082
29-Mar-2013,27889.65082
30-Mar-2013,27889.65082
31-Mar-2013,27889.65082
1-Apr-2013,26275.583
2-Apr-2013,26275.583
3-Apr-2013,26275.583
4-Apr-2013,26275.583
5-Apr-2013,26275.583
6-Apr-2013,26275.583
7-Apr-2013,26275.583
8-Apr-2013,26275.583
9-Apr-2013,26275.583
10-Apr-2013,26275.583
11-Apr-2013,26275.583
12-Apr-2013,26275.583
13-Apr-2013,26275.583
14-Apr-2013,26275.583
15-Apr-2013,26275.583
16-Apr-2013,26275.583
17-Apr-2013,26275.583
18-Apr-2013,26275.583
19-Apr-2013,26275.583
20-Apr-2013,26275.583
21-Apr-2013,26275.583
22-Apr-2013,26275.583
23-Apr-2013,26275.583
24-Apr-2013,26275.583
25-Apr-2013,26275.583
26-Apr-2013,26275.583
27-Apr-2013,26275.583
28-Apr-2013,26275.583
29-Apr-2013,26275.583
30-Apr-2013,26275.583
1-May-2013,26177.08215
2-May-2013,26177.08215
3-May-2013,26177.08215
4-May-2013,26177.08215
5-May-2013,26177.08215
6-May-2013,26177.08215
7-May-2013,26177.08215
8-May-2013,26177.08215
9-May-2013,26177.08215
10-May-2013,26177.08215
11-May-2013,26177.08215
12-May-2013,26177.08215
13-May-2013,26177.08215
14-May-2013,26177.08215
15-May-2013,26177.08215
16-May-2013,26177.08215
17-May-2013,26177.08215
18-May-2013,26177.08215
19-May-2013,26177.08215
20-May-2013,26177.08215
21-May-2013,26177.08215
22-May-2013,26177.08215
23-May-2013,26177.08215
24-May-2013,26177.08215
25-May-2013,26177.08215
26-May-2013,26177.08215
27-May-2013,26177.08215
28-May-2013,26177.08215
29-May-2013,26177.08215
30-May-2013,26177.08215
31-May-2013,26177.08215
1-Jun-2013,35296.17048
2-Jun-2013,35296.17048
3-Jun-2013,35296.17048
4-Jun-2013,35296.17048
5-Jun-2013,35296.17048
6-Jun-2013,35296.17048
7-Jun-2013,35296.17048
8-Jun-2013,35296.17048
9-Jun-2013,35296.17048
10-Jun-2013,35296.17048
11-Jun-2013,35296.17048
12-Jun-2013,35296.17048
13-Jun-2013,35296.17048
14-Jun-2013,35296.17048
15-Jun-2013,35296.17048
16-Jun-2013,35296.17048
17-Jun-2013,35296.17048
18-Jun-2013,35296.17048
19-Jun-2013,35296.17048
20-Jun-2013,35296.17048
21-Jun-2013,35296.17048
22-Jun-2013,35296.17048
23-Jun-2013,35296.17048
24-Jun-2013,35296.17048
25-Jun-2013,35296.17048
26-Jun-2013,35296.17048
27-Jun-2013,35296.17048
28-Jun-2013,35296.17048
29-Jun-2013,35296.17048
30-Jun-2013,35296.17048
1-Jul-2013,48926.32069
2-Jul-2013,48926.32069
3-Jul-2013,48926.32069
4-Jul-2013,48926.32069
5-Jul-2013,48926.32069
6-Jul-2013,48926.32069
7-Jul-2013,48926.32069
8-Jul-2013,48926.32069
9-Jul-2013,48926.32069
10-Jul-2013,48926.32069
11-Jul-2013,48926.32069
12-Jul-2013,48926.32069
13-Jul-2013,48926.32069
14-Jul-2013,48926.32069
15-Jul-2013,48926.32069
16-Jul-2013,48926.32069
17-Jul-2013,48926.32069
18-Jul-2013,48926.32069
19-Jul-2013,48926.32069
20-Jul-2013,48926.32069
21-Jul-2013,48926.32069
22-Jul-2013,48926.32069
23-Jul-2013,48926.32069
24-Jul-2013,48926.32069
25-Jul-2013,48926.32069
26-Jul-2013,48926.32069
27-Jul-2013,48926.32069
28-Jul-2013,48926.32069
29-Jul-2013,48926.32069
30-Jul-2013,48926.32069
31-Jul-2013,48926.32069
1-Aug-2013,37813.51017
2-Aug-2013,37813.51017
3-Aug-2013,37813.51017
4-Aug-2013,37813.51017
5-Aug-2013,37813.51017
6-Aug-2013,37813.51017
7-Aug-2013,37813.51017
8-Aug-2013,37813.51017
9-Aug-2013,37813.51017
10-Aug-2013,37813.51017
11-Aug-2013,37813.51017
12-Aug-2013,37813.51017
13-Aug-2013,37813.51017
14-Aug-2013,37813.51017
15-Aug-2013,37813.51017
16-Aug-2013,37813.51017
17-Aug-2013,37813.51017
18-Aug-2013,37813.51017
19-Aug-2013,37813.51017
20-Aug-2013,37813.51017
21-Aug-2013,37813.51017
22-Aug-2013,37813.51017
23-Aug-2013,37813.51017
24-Aug-2013,37813.51017
25-Aug-2013,37813.51017
26-Aug-2013,37813.51017
27-Aug-2013,37813.51017
28-Aug-2013,37813.51017
29-Aug-2013,37813.51017
30-Aug-2013,37813.51017
31-Aug-2013,37813.51017
1-Sep-2013,38471.38556
2-Sep-2013,38471.38556
3-Sep-2013,38471.38556
4-Sep-2013,38471.38556
5-Sep-2013,38471.38556
6-Sep-2013,38471.38556
7-Sep-2013,38471.38556
8-Sep-2013,38471.38556
9-Sep-2013,38471.38556
10-Sep-2013,38471.38556
11-Sep-2013,38471.38556
12-Sep-2013,38471.38556
13-Sep-2013,38471.38556
14-Sep-2013,38471.38556
15-Sep-2013,38471.38556
16-Sep-2013,38471.38556
17-Sep-2013,38471.38556
18-Sep-2013,38471.38556
19-Sep-2013,38471.38556
20-Sep-2013,38471.38556
21-Sep-2013,38471.38556
22-Sep-2013,38471.38556
23-Sep-2013,38471.38556
24-Sep-2013,38471.38556
25-Sep-2013,38471.38556
26-Sep-2013,38471.38556
27-Sep-2013,38471.38556
28-Sep-2013,38471.38556
29-Sep-2013,38471.38556
30-Sep-2013,38471.38556
1-Oct-2013,28418.67878
2-Oct-2013,28418.67878
3-Oct-2013,28418.67878
4-Oct-2013,28418.67878
5-Oct-2013,28418.67878
6-Oct-2013,28418.67878
7-Oct-2013,28418.67878
8-Oct-2013,28418.67878
9-Oct-2013,28418.67878
10-Oct-2013,28418.67878
11-Oct-2013,28418.67878
12-Oct-2013,28418.67878
13-Oct-2013,28418.67878
14-Oct-2013,28418.67878
15-Oct-2013,28418.67878
16-Oct-2013,28418.67878
17-Oct-2013,28418.67878
18-Oct-2013,28418.67878
19-Oct-2013,28418.67878
20-Oct-2013,28418.67878
21-Oct-2013,28418.67878
22-Oct-2013,28418.67878
23-Oct-2013,28418.67878
24-Oct-2013,28418.67878
25-Oct-2013,28418.67878
26-Oct-2013,28418.67878
27-Oct-2013,28418.67878
28-Oct-2013,28418.67878
29-Oct-2013,28418.67878
30-Oct-2013,28418.67878
31-Oct-2013,28418.67878
1-Nov-2013,27045.21973
2-Nov-2013,27045.21973
3-Nov-2013,27045.21973
4-Nov-2013,27045.21973
5-Nov-2013,27045.21973
6-Nov-2013,27045.21973
7-Nov-2013,27045.21973
8-Nov-2013,27045.21973
9-Nov-2013,27045.21973
10-Nov-2013,27045.21973
11-Nov-2013,27045.21973
12-Nov-2013,27045.21973
13-Nov-2013,27045.21973
14-Nov-2013,27045.21973
15-Nov-2013,27045.21973
16-Nov-2013,27045.21973
17-Nov-2013,27045.21973
18-Nov-2013,27045.21973
19-Nov-2013,27045.21973
20-Nov-2013,27045.21973
21-Nov-2013,27045.21973
22-Nov-2013,27045.21973
23-Nov-2013,27045.21973
24-Nov-2013,27045.21973
25-Nov-2013,27045.21973
26-Nov-2013,27045.21973
27-Nov-2013,27045.21973
28-Nov-2013,27045.21973
29-Nov-2013,27045.21973
30-Nov-2013,27045.21973
1-Dec-2013,31235.68683
2-Dec-2013,31235.68683
3-Dec-2013,31235.68683
4-Dec-2013,31235.68683
5-Dec-2013,31235.68683
6-Dec-2013,31235.68683
7-Dec-2013,31235.68683
8-Dec-2013,31235.68683
9-Dec-2013,31235.68683
10-Dec-2013,31235.68683
11-Dec-2013,31235.68683
12-Dec-2013,31235.68683
13-Dec-2013,31235.68683
14-Dec-2013,31235.68683
15-Dec-2013,31235.68683
16-Dec-2013,31235.68683
17-Dec-2013,31235.68683
18-Dec-2013,31235.68683
19-Dec-2013,31235.68683
20-Dec-2013,31235.68683
21-Dec-2013,31235.68683
22-Dec-2013,31235.68683
23-Dec-2013,31235.68683
24-Dec-2013,31235.68683
25-Dec-2013,31235.68683
26-Dec-2013,31235.68683
27-Dec-2013,31235.68683
28-Dec-2013,31235.68683
29-Dec-2013,31235.68683
30-Dec-2013,31235.68683
31-Dec-2013,31235.68683
1-Jan-2014,30235.83686
2-Jan-2014,30235.83686
3-Jan-2014,30235.83686
4-Jan-2014,30235.83686
5-Jan-2014,30235.83686
6-Jan-2014,30235.83686
7-Jan-2014,30235.83686
8-Jan-2014,30235.83686
9-Jan-2014,30235.83686
10-Jan-2014,30235.83686
11-Jan-2014,30235.83686
12-Jan-2014,30235.83686
13-Jan-2014,30235.83686
14-Jan-2014,30235.83686
15-Jan-2014,30235.83686
16-Jan-2014,30235.83686
17-Jan-2014,30235.83686
18-Jan-2014,30235.83686
19-Jan-2014,30235.83686
20-Jan-2014,30235.83686
21-Jan-2014,30235.83686
22-Jan-2014,30235.83686
23-Jan-2014,30235.83686
24-Jan-2014,30235.83686
25-Jan-2014,30235.83686
26-Jan-2014,30235.83686
27-Jan-2014,30235.83686
28-Jan-2014,30235.83686
29-Jan-2014,30235.83686
30-Jan-2014,30235.83686
31-Jan-2014,30235.83686
1-Feb-2014,29559.36478
2-Feb-2014,29559.36478
3-Feb-2014,29559.36478
4-Feb-2014,29559.36478
5-Feb-2014,29559.36478
6-Feb-2014,29559.36478
7-Feb-2014,29559.36478
8-Feb-2014,29559.36478
9-Feb-2014,29559.36478
10-Feb-2014,29559.36478
11-Feb-2014,29559.36478
12-Feb-2014,29559.36478
13-Feb-2014,29559.36478
14-Feb-2014,29559.36478
15-Feb-2014,29559.36478
16-Feb-2014,29559.36478
17-Feb-2014,29559.36478
18-Feb-2014,29559.36478
19-Feb-2014,29559.36478
20-Feb-2014,29559.36478
21-Feb-2014,29559.36478
22-Feb-2014,29559.36478
23-Feb-2014,29559.36478
24-Feb-2014,29559.36478
25-Feb-2014,29559.36478
26-Feb-2014,29559.36478
27-Feb-2014,29559.36478
28-Feb-2014,29559.36478
1-Mar-2014,26798.32736
2-Mar-2014,26798.32736
3-Mar-2014,26798.32736
4-Mar-2014,26798.32736
5-Mar-2014,26798.32736
6-Mar-2014,26798.32736
7-Mar-2014,26798.32736
8-Mar-2014,26798.32736
9-Mar-2014,26798.32736
10-Mar-2014,26798.32736
11-Mar-2014,26798.32736
12-Mar-2014,26798.32736
13-Mar-2014,26798.32736
14-Mar-2014,26798.32736
15-Mar-2014,26798.32736
16-Mar-2014,26798.32736
17-Mar-2014,26798.32736
18-Mar-2014,26798.32736
19-Mar-2014,26798.32736
20-Mar-2014,26798.32736
21-Mar-2014,26798.32736
22-Mar-2014,26798.32736
23-Mar-2014,26798.32736
24-Mar-2014,26798.32736
25-Mar-2014,26798.32736
26-Mar-2014,26798.32736
27-Mar-2014,26798.32736
28-Mar-2014,26798.32736
29-Mar-2014,26798.32736
30-Mar-2014,26798.32736
31-Mar-2014,26798.32736
1-Apr-2014,25617.61428
2-Apr-2014,25617.61428
3-Apr-2014,25617.61428
4-Apr-2014,25617.61428
5-Apr-2014,25617.61428
6-Apr-2014,25617.61428
7-Apr-2014,25617.61428
8-Apr-2014,25617.61428
9-Apr-2014,25617.61428
10-Apr-2014,25617.61428
11-Apr-2014,25617.61428
12-Apr-2014,25617.61428
13-Apr-2014,25617.61428
14-Apr-2014,25617.61428
15-Apr-2014,25617.61428
16-Apr-2014,25617.61428
17-Apr-2014,25617.61428
18-Apr-2014,25617.61428
19-Apr-2014,25617.61428
20-Apr-2014,25617.61428
21-Apr-2014,25617.61428
22-Apr-2014,25617.61428
23-Apr-2014,25617.61428
24-Apr-2014,25617.61428
25-Apr-2014,25617.61428
26-Apr-2014,25617.61428
27-Apr-2014,25617.61428
28-Apr-2014,25617.61428
29-Apr-2014,25617.61428
30-Apr-2014,25617.61428
1-May-2014,25502.64225
2-May-2014,25502.64225
3-May-2014,25502.64225
4-May-2014,25502.64225
5-May-2014,25502.64225
6-May-2014,25502.64225
7-May-2014,25502.64225
8-May-2014,25502.64225
9-May-2014,25502.64225
10-May-2014,25502.64225
11-May-2014,25502.64225
12-May-2014,25502.64225
13-May-2014,25502.64225
14-May-2014,25502.64225
15-May-2014,25502.64225
16-May-2014,25502.64225
17-May-2014,25502.64225
18-May-2014,25502.64225
19-May-2014,25502.64225
20-May-2014,25502.64225
21-May-2014,25502.64225
22-May-2014,25502.64225
23-May-2014,25502.64225
24-May-2014,25502.64225
25-May-2014,25502.64225
26-May-2014,25502.64225
27-May-2014,25502.64225
28-May-2014,25502.64225
29-May-2014,25502.64225
30-May-2014,25502.64225
31-May-2014,25502.64225
1-Jun-2014,33186.53087
2-Jun-2014,33186.53087
3-Jun-2014,33186.53087
4-Jun-2014,33186.53087
5-Jun-2014,33186.53087
6-Jun-2014,33186.53087
7-Jun-2014,33186.53087
8-Jun-2014,33186.53087
9-Jun-2014,33186.53087
10-Jun-2014,33186.53087
11-Jun-2014,33186.53087
12-Jun-2014,33186.53087
13-Jun-2014,33186.53087
14-Jun-2014,33186.53087
15-Jun-2014,33186.53087
16-Jun-2014,33186.53087
17-Jun-2014,33186.53087
18-Jun-2014,33186.53087
19-Jun-2014,33186.53087
20-Jun-2014,33186.53087
21-Jun-2014,33186.53087
22-Jun-2014,33186.53087
23-Jun-2014,33186.53087
24-Jun-2014,33186.53087
25-Jun-2014,33186.53087
26-Jun-2014,33186.53087
27-Jun-2014,33186.53087
28-Jun-2014,33186.53087
29-Jun-2014,33186.53087
30-Jun-2014,33186.53087
1-Jul-2014,40039.21799
2-Jul-2014,40039.21799
3-Jul-2014,40039.21799
4-Jul-2014,40039.21799
5-Jul-2014,40039.21799
6-Jul-2014,40039.21799
7-Jul-2014,40039.21799
8-Jul-2014,40039.21799
9-Jul-2014,40039.21799
10-Jul-2014,40039.21799
11-Jul-2014,40039.21799
12-Jul-2014,40039.21799
13-Jul-2014,40039.21799
14-Jul-2014,40039.21799
15-Jul-2014,40039.21799
16-Jul-2014,40039.21799
17-Jul-2014,40039.21799
18-Jul-2014,40039.21799
19-Jul-2014,40039.21799
20-Jul-2014,40039.21799
21-Jul-2014,40039.21799
22-Jul-2014,40039.21799
23-Jul-2014,40039.21799
24-Jul-2014,40039.21799
25-Jul-2014,40039.21799
26-Jul-2014,40039.21799
27-Jul-2014,40039.21799
28-Jul-2014,40039.21799
29-Jul-2014,40039.21799
30-Jul-2014,40039.21799
31-Jul-2014,40039.21799
1-Aug-2014,35905.36837
2-Aug-2014,35905.36837
3-Aug-2014,35905.36837
4-Aug-2014,35905.36837
5-Aug-2014,35905.36837
6-Aug-2014,35905.36837
7-Aug-2014,35905.36837
8-Aug-2014,35905.36837
9-Aug-2014,35905.36837
10-Aug-2014,35905.36837
11-Aug-2014,35905.36837
12-Aug-2014,35905.36837
13-Aug-2014,35905.36837
14-Aug-2014,35905.36837
15-Aug-2014,35905.36837
16-Aug-2014,35905.36837
17-Aug-2014,35905.36837
18-Aug-2014,35905.36837
19-Aug-2014,35905.36837
20-Aug-2014,35905.36837
21-Aug-2014,35905.36837
22-Aug-2014,35905.36837
23-Aug-2014,35905.36837
24-Aug-2014,35905.36837
25-Aug-2014,35905.36837
26-Aug-2014,35905.36837
27-Aug-2014,35905.36837
28-Aug-2014,35905.36837
29-Aug-2014,35905.36837
30-Aug-2014,35905.36837
31-Aug-2014,35905.36837
1-Sep-2014,36929.83471
2-Sep-2014,36929.83471
3-Sep-2014,36929.83471
4-Sep-2014,36929.83471
5-Sep-2014,36929.83471
6-Sep-2014,36929.83471
7-Sep-2014,36929.83471
8-Sep-2014,36929.83471
9-Sep-2014,36929.83471
10-Sep-2014,36929.83471
11-Sep-2014,36929.83471
12-Sep-2014,36929.83471
13-Sep-2014,36929.83471
14-Sep-2014,36929.83471
15-Sep-2014,36929.83471
16-Sep-2014,36929.83471
17-Sep-2014,36929.83471
18-Sep-2014,36929.83471
19-Sep-2014,36929.83471
20-Sep-2014,36929.83471
21-Sep-2014,36929.83471
22-Sep-2014,36929.83471
23-Sep-2014,36929.83471
24-Sep-2014,36929.83471
25-Sep-2014,36929.83471
26-Sep-2014,36929.83471
27-Sep-2014,36929.83471
28-Sep-2014,36929.83471
29-Sep-2014,36929.83471
30-Sep-2014,36929.83471
1-Oct-2014,27127.74008
2-Oct-2014,27127.74008
3-Oct-2014,27127.74008
4-Oct-2014,27127.74008
5-Oct-2014,27127.74008
6-Oct-2014,27127.74008
7-Oct-2014,27127.74008
8-Oct-2014,27127.74008
9-Oct-2014,27127.74008
10-Oct-2014,27127.74008
11-Oct-2014,27127.74008
12-Oct-2014,27127.74008
13-Oct-2014,27127.74008
14-Oct-2014,27127.74008
15-Oct-2014,27127.74008
16-Oct-2014,27127.74008
17-Oct-2014,27127.74008
18-Oct-2014,27127.74008
19-Oct-2014,27127.74008
20-Oct-2014,27127.74008
21-Oct-2014,27127.74008
22-Oct-2014,27127.74008
23-Oct-2014,27127.74008
24-Oct-2014,27127.74008
25-Oct-2014,27127.74008
26-Oct-2014,27127.74008
27-Oct-2014,27127.74008
28-Oct-2014,27127.74008
29-Oct-2014,27127.74008
30-Oct-2014,27127.74008
31-Oct-2014,27127.74008
1-Nov-2014,26647.49359
2-Nov-2014,26647.49359
3-Nov-2014,26647.49359
4-Nov-2014,26647.49359
5-Nov-2014,26647.49359
6-Nov-2014,26647.49359
7-Nov-2014,26647.49359
8-Nov-2014,26647.49359
9-Nov-2014,26647.49359
10-Nov-2014,26647.49359
11-Nov-2014,26647.49359
12-Nov-2014,26647.49359
13-Nov-2014,26647.49359
14-Nov-2014,26647.49359
15-Nov-2014,26647.49359
16-Nov-2014,26647.49359
17-Nov-2014,26647.49359
18-Nov-2014,26647.49359
19-Nov-2014,26647.49359
20-Nov-2014,26647.49359
21-Nov-2014,26647.49359
22-Nov-2014,26647.49359
23-Nov-2014,26647.49359
24-Nov-2014,26647.49359
25-Nov-2014,26647.49359
26-Nov-2014,26647.49359
27-Nov-2014,26647.49359
28-Nov-2014,26647.49359
29-Nov-2014,26647.49359
30-Nov-2014,26647.49359
1-Dec-2014,30404.67751
2-Dec-2014,30404.67751
3-Dec-2014,30404.67751
4-Dec-2014,30404.67751
5-Dec-2014,30404.67751
6-Dec-2014,30404.67751
7-Dec-2014,30404.67751
8-Dec-2014,30404.67751
9-Dec-2014,30404.67751
10-Dec-2014,30404.67751
11-Dec-2014,30404.67751
12-Dec-2014,30404.67751
13-Dec-2014,30404.67751
14-Dec-2014,30404.67751
15-Dec-2014,30404.67751
16-Dec-2014,30404.67751
17-Dec-2014,30404.67751
18-Dec-2014,30404.67751
19-Dec-2014,30404.67751
20-Dec-2014,30404.67751
21-Dec-2014,30404.67751
22-Dec-2014,30404.67751
23-Dec-2014,30404.67751
24-Dec-2014,30404.67751
25-Dec-2014,30404.67751
26-Dec-2014,30404.67751
27-Dec-2014,30404.67751
28-Dec-2014,30404.67751
29-Dec-2014,30404.67751
30-Dec-2014,30404.67751
31-Dec-2014,30404.67751
1-Jan-2015,30328.21514
2-Jan-2015,30328.21514
3-Jan-2015,30328.21514
4-Jan-2015,30328.21514
5-Jan-2015,30328.21514
6-Jan-2015,30328.21514
7-Jan-2015,30328.21514
8-Jan-2015,30328.21514
9-Jan-2015,30328.21514
10-Jan-2015,30328.21514
11-Jan-2015,30328.21514
12-Jan-2015,30328.21514
13-Jan-2015,30328.21514
14-Jan-2015,30328.21514
15-Jan-2015,30328.21514
16-Jan-2015,30328.21514
17-Jan-2015,30328.21514
18-Jan-2015,30328.21514
19-Jan-2015,30328.21514
20-Jan-2015,30328.21514
21-Jan-2015,30328.21514
22-Jan-2015,30328.21514
23-Jan-2015,30328.21514
24-Jan-2015,30328.21514
25-Jan-2015,30328.21514
26-Jan-2015,30328.21514
27-Jan-2015,30328.21514
28-Jan-2015,30328.21514
29-Jan-2015,30328.21514
30-Jan-2015,30328.21514
31-Jan-2015,30328.21514
1-Feb-2015,27288.45767
2-Feb-2015,27288.45767
3-Feb-2015,27288.45767
4-Feb-2015,27288.45767
5-Feb-2015,27288.45767
6-Feb-2015,27288.45767
7-Feb-2015,27288.45767
8-Feb-2015,27288.45767
9-Feb-2015,27288.45767
10-Feb-2015,27288.45767
11-Feb-2015,27288.45767
12-Feb-2015,27288.45767
13-Feb-2015,27288.45767
14-Feb-2015,27288.45767
15-Feb-2015,27288.45767
16-Feb-2015,27288.45767
17-Feb-2015,27288.45767
18-Feb-2015,27288.45767
19-Feb-2015,27288.45767
20-Feb-2015,27288.45767
21-Feb-2015,27288.45767
22-Feb-2015,27288.45767
23-Feb-2015,27288.45767
24-Feb-2015,27288.45767
25-Feb-2015,27288.45767
26-Feb-2015,27288.45767
27-Feb-2015,27288.45767
28-Feb-2015,27288.45767
1-Mar-2015,25471.42152
2-Mar-2015,25471.42152
3-Mar-2015,25471.42152
4-Mar-2015,25471.42152
5-Mar-2015,25471.42152
6-Mar-2015,25471.42152
7-Mar-2015,25471.42152
8-Mar-2015,25471.42152
9-Mar-2015,25471.42152
10-Mar-2015,25471.42152
11-Mar-2015,25471.42152
12-Mar-2015,25471.42152
13-Mar-2015,25471.42152
14-Mar-2015,25471.42152
15-Mar-2015,25471.42152
16-Mar-2015,25471.42152
17-Mar-2015,25471.42152
18-Mar-2015,25471.42152
19-Mar-2015,25471.42152
20-Mar-2015,25471.42152
21-Mar-2015,25471.42152
22-Mar-2015,25471.42152
23-Mar-2015,25471.42152
24-Mar-2015,25471.42152
25-Mar-2015,25471.42152
26-Mar-2015,25471.42152
27-Mar-2015,25471.42152
28-Mar-2015,25471.42152
29-Mar-2015,25471.42152
30-Mar-2015,25471.42152
31-Mar-2015,25471.42152
1-Apr-2015,24768.04844
2-Apr-2015,24768.04844
3-Apr-2015,24768.04844
4-Apr-2015,24768.04844
5-Apr-2015,24768.04844
6-Apr-2015,24768.04844
7-Apr-2015,24768.04844
8-Apr-2015,24768.04844
9-Apr-2015,24768.04844
10-Apr-2015,24768.04844
11-Apr-2015,24768.04844
12-Apr-2015,24768.04844
13-Apr-2015,24768.04844
14-Apr-2015,24768.04844
15-Apr-2015,24768.04844
16-Apr-2015,24768.04844
17-Apr-2015,24768.04844
18-Apr-2015,24768.04844
19-Apr-2015,24768.04844
20-Apr-2015,24768.04844
21-Apr-2015,24768.04844
22-Apr-2015,24768.04844
23-Apr-2015,24768.04844
24-Apr-2015,24768.04844
25-Apr-2015,24768.04844
26-Apr-2015,24768.04844
27-Apr-2015,24768.04844
28-Apr-2015,24768.04844
29-Apr-2015,24768.04844
30-Apr-2015,24768.04844
1-May-2015,27727.96305
2-May-2015,27727.96305
3-May-2015,27727.96305
4-May-2015,27727.96305
5-May-2015,27727.96305
6-May-2015,27727.96305
7-May-2015,27727.96305
8-May-2015,27727.96305
9-May-2015,27727.96305
10-May-2015,27727.96305
11-May-2015,27727.96305
12-May-2015,27727.96305
13-May-2015,27727.96305
14-May-2015,27727.96305
15-May-2015,27727.96305
16-May-2015,27727.96305
17-May-2015,27727.96305
18-May-2015,27727.96305
19-May-2015,27727.96305
20-May-2015,27727.96305
21-May-2015,27727.96305
22-May-2015,27727.96305
23-May-2015,27727.96305
24-May-2015,27727.96305
25-May-2015,27727.96305
26-May-2015,27727.96305
27-May-2015,27727.96305
28-May-2015,27727.96305
29-May-2015,27727.96305
30-May-2015,27727.96305
31-May-2015,27727.96305
1-Jun-2015,30867.17683
2-Jun-2015,30867.17683
3-Jun-2015,30867.17683
4-Jun-2015,30867.17683
5-Jun-2015,30867.17683
6-Jun-2015,30867.17683
7-Jun-2015,30867.17683
8-Jun-2015,30867.17683
9-Jun-2015,30867.17683
10-Jun-2015,30867.17683
11-Jun-2015,30867.17683
12-Jun-2015,30867.17683
13-Jun-2015,30867.17683
14-Jun-2015,30867.17683
15-Jun-2015,30867.17683
16-Jun-2015,30867.17683
17-Jun-2015,30867.17683
18-Jun-2015,30867.17683
19-Jun-2015,30867.17683
20-Jun-2015,30867.17683
21-Jun-2015,30867.17683
22-Jun-2015,30867.17683
23-Jun-2015,30867.17683
24-Jun-2015,30867.17683
25-Jun-2015,30867.17683
26-Jun-2015,30867.17683
27-Jun-2015,30867.17683
28-Jun-2015,30867.17683
29-Jun-2015,30867.17683
30-Jun-2015,30867.17683
1-Jul-2015,37870.66352
2-Jul-2015,37870.66352
3-Jul-2015,37870.66352
4-Jul-2015,37870.66352
5-Jul-2015,37870.66352
6-Jul-2015,37870.66352
7-Jul-2015,37870.66352
8-Jul-2015,37870.66352
9-Jul-2015,37870.66352
10-Jul-2015,37870.66352
11-Jul-2015,37870.66352
12-Jul-2015,37870.66352
13-Jul-2015,37870.66352
14-Jul-2015,37870.66352
15-Jul-2015,37870.66352
16-Jul-2015,37870.66352
17-Jul-2015,37870.66352
18-Jul-2015,37870.66352
19-Jul-2015,37870.66352
20-Jul-2015,37870.66352
21-Jul-2015,37870.66352
22-Jul-2015,37870.66352
23-Jul-2015,37870.66352
24-Jul-2015,37870.66352
25-Jul-2015,37870.66352
26-Jul-2015,37870.66352
27-Jul-2015,37870.66352
28-Jul-2015,37870.66352
29-Jul-2015,37870.66352
30-Jul-2015,37870.66352
31-Jul-2015,37870.66352
1-Aug-2015,43139.02357
2-Aug-2015,43139.02357
3-Aug-2015,43139.02357
4-Aug-2015,43139.02357
5-Aug-2015,43139.02357
6-Aug-2015,43139.02357
7-Aug-2015,43139.02357
8-Aug-2015,43139.02357
9-Aug-2015,43139.02357
10-Aug-2015,43139.02357
11-Aug-2015,43139.02357
12-Aug-2015,43139.02357
13-Aug-2015,43139.02357
14-Aug-2015,43139.02357
15-Aug-2015,43139.02357
16-Aug-2015,43139.02357
17-Aug-2015,43139.02357
18-Aug-2015,43139.02357
19-Aug-2015,43139.02357
20-Aug-2015,43139.02357
21-Aug-2015,43139.02357
22-Aug-2015,43139.02357
23-Aug-2015,43139.02357
24-Aug-2015,43139.02357
25-Aug-2015,43139.02357
26-Aug-2015,43139.02357
27-Aug-2015,43139.02357
28-Aug-2015,43139.02357
29-Aug-2015,43139.02357
30-Aug-2015,43139.02357
31-Aug-2015,43139.02357
1-Sep-2015,38274.60458
2-Sep-2015,38274.60458
3-Sep-2015,38274.60458
4-Sep-2015,38274.60458
5-Sep-2015,38274.60458
6-Sep-2015,38274.60458
7-Sep-2015,38274.60458
8-Sep-2015,38274.60458
9-Sep-2015,38274.60458
10-Sep-2015,38274.60458
11-Sep-2015,38274.60458
12-Sep-2015,38274.60458
13-Sep-2015,38274.60458
14-Sep-2015,38274.60458
15-Sep-2015,38274.60458
16-Sep-2015,38274.60458
17-Sep-2015,38274.60458
18-Sep-2015,38274.60458
19-Sep-2015,38274.60458
20-Sep-2015,38274.60458
21-Sep-2015,38274.60458
22-Sep-2015,38274.60458
23-Sep-2015,38274.60458
24-Sep-2015,38274.60458
25-Sep-2015,38274.60458
26-Sep-2015,38274.60458
27-Sep-2015,38274.60458
28-Sep-2015,38274.60458
29-Sep-2015,38274.60458
30-Sep-2015,38274.60458
1-Oct-2015,27211.39364
2-Oct-2015,27211.39364
3-Oct-2015,27211.39364
4-Oct-2015,27211.39364
5-Oct-2015,27211.39364
6-Oct-2015,27211.39364
7-Oct-2015,27211.39364
8-Oct-2015,27211.39364
9-Oct-2015,27211.39364
10-Oct-2015,27211.39364
11-Oct-2015,27211.39364
12-Oct-2015,27211.39364
13-Oct-2015,27211.39364
14-Oct-2015,27211.39364
15-Oct-2015,27211.39364
16-Oct-2015,27211.39364
17-Oct-2015,27211.39364
18-Oct-2015,27211.39364
19-Oct-2015,27211.39364
20-Oct-2015,27211.39364
21-Oct-2015,27211.39364
22-Oct-2015,27211.39364
23-Oct-2015,27211.39364
24-Oct-2015,27211.39364
25-Oct-2015,27211.39364
26-Oct-2015,27211.39364
27-Oct-2015,27211.39364
28-Oct-2015,27211.39364
29-Oct-2015,27211.39364
30-Oct-2015,27211.39364
31-Oct-2015,27211.39364
1-Nov-2015,27590.85272
2-Nov-2015,27590.85272
3-Nov-2015,27590.85272
4-Nov-2015,27590.85272
5-Nov-2015,27590.85272
6-Nov-2015,27590.85272
7-Nov-2015,27590.85272
8-Nov-2015,27590.85272
9-Nov-2015,27590.85272
10-Nov-2015,27590.85272
11-Nov-2015,27590.85272
12-Nov-2015,27590.85272
13-Nov-2015,27590.85272
14-Nov-2015,27590.85272
15-Nov-2015,27590.85272
16-Nov-2015,27590.85272
17-Nov-2015,27590.85272
18-Nov-2015,27590.85272
19-Nov-2015,27590.85272
20-Nov-2015,27590.85272
21-Nov-2015,27590.85272
22-Nov-2015,27590.85272
23-Nov-2015,27590.85272
24-Nov-2015,27590.85272
25-Nov-2015,27590.85272
26-Nov-2015,27590.85272
27-Nov-2015,27590.85272
28-Nov-2015,27590.85272
29-Nov-2015,27590.85272
30-Nov-2015,27590.85272
1-Dec-2015,27909.21973
2-Dec-2015,27909.21973
3-Dec-2015,27909.21973
4-Dec-2015,27909.21973
5-Dec-2015,27909.21973
6-Dec-2015,27909.21973
7-Dec-2015,27909.21973
8-Dec-2015,27909.21973
9-Dec-2015,27909.21973
10-Dec-2015,27909.21973
11-Dec-2015,27909.21973
12-Dec-2015,27909.21973
13-Dec-2015,27909.21973
14-Dec-2015,27909.21973
15-Dec-2015,27909.21973
16-Dec-2015,27909.21973
17-Dec-2015,27909.21973
18-Dec-2015,27909.21973
19-Dec-2015,27909.21973
20-Dec-2015,27909.21973
21-Dec-2015,27909.21973
22-Dec-2015,27909.21973
23-Dec-2015,27909.21973
24-Dec-2015,27909.21973
25-Dec-2015,27909.21973
26-Dec-2015,27909.21973
27-Dec-2015,27909.21973
28-Dec-2015,27909.21973
29-Dec-2015,27909.21973
30-Dec-2015,27909.21973
31-Dec-2015,27909.21973
1-Jan-2016,29255.88486
2-Jan-2016,29255.88486
3-Jan-2016,29255.88486
4-Jan-2016,29255.88486
5-Jan-2016,29255.88486
6-Jan-2016,29255.88486
7-Jan-2016,29255.88486
8-Jan-2016,29255.88486
9-Jan-2016,29255.88486
10-Jan-2016,29255.88486
11-Jan-2016,29255.88486
12-Jan-2016,29255.88486
13-Jan-2016,29255.88486
14-Jan-2016,29255.88486
15-Jan-2016,29255.88486
16-Jan-2016,29255.88486
17-Jan-2016,29255.88486
18-Jan-2016,29255.88486
19-Jan-2016,29255.88486
20-Jan-2016,29255.88486
21-Jan-2016,29255.88486
22-Jan-2016,29255.88486
23-Jan-2016,29255.88486
24-Jan-2016,29255.88486
25-Jan-2016,29255.88486
26-Jan-2016,29255.88486
27-Jan-2016,29255.88486
28-Jan-2016,29255.88486
29-Jan-2016,29255.88486
30-Jan-2016,29255.88486
31-Jan-2016,29255.88486
1-Feb-2016,27009.37669
2-Feb-2016,27009.37669
3-Feb-2016,27009.37669
4-Feb-2016,27009.37669
5-Feb-2016,27009.37669
6-Feb-2016,27009.37669
7-Feb-2016,27009.37669
8-Feb-2016,27009.37669
9-Feb-2016,27009.37669
10-Feb-2016,27009.37669
11-Feb-2016,27009.37669
12-Feb-2016,27009.37669
13-Feb-2016,27009.37669
14-Feb-2016,27009.37669
15-Feb-2016,27009.37669
16-Feb-2016,27009.37669
17-Feb-2016,27009.37669
18-Feb-2016,27009.37669
19-Feb-2016,27009.37669
20-Feb-2016,27009.37669
21-Feb-2016,27009.37669
22-Feb-2016,27009.37669
23-Feb-2016,27009.37669
24-Feb-2016,27009.37669
25-Feb-2016,27009.37669
26-Feb-2016,27009.37669
27-Feb-2016,27009.37669
28-Feb-2016,27009.37669
29-Feb-2016,27009.37669
1-Mar-2016,24811.13904
2-Mar-2016,24811.13904
3-Mar-2016,24811.13904
4-Mar-2016,24811.13904
5-Mar-2016,24811.13904
6-Mar-2016,24811.13904
7-Mar-2016,24811.13904
8-Mar-2016,24811.13904
9-Mar-2016,24811.13904
10-Mar-2016,24811.13904
11-Mar-2016,24811.13904
12-Mar-2016,24811.13904
13-Mar-2016,24811.13904
14-Mar-2016,24811.13904
15-Mar-2016,24811.13904
16-Mar-2016,24811.13904
17-Mar-2016,24811.13904
18-Mar-2016,24811.13904
19-Mar-2016,24811.13904
20-Mar-2016,24811.13904
21-Mar-2016,24811.13904
22-Mar-2016,24811.13904
23-Mar-2016,24811.13904
24-Mar-2016,24811.13904
25-Mar-2016,24811.13904
26-Mar-2016,24811.13904
27-Mar-2016,24811.13904
28-Mar-2016,24811.13904
29-Mar-2016,24811.13904
30-Mar-2016,24811.13904
31-Mar-2016,24811.13904
1-Apr-2016,26058.06289
2-Apr-2016,26058.06289
3-Apr-2016,26058.06289
4-Apr-2016,26058.06289
5-Apr-2016,26058.06289
6-Apr-2016,26058.06289
7-Apr-2016,26058.06289
8-Apr-2016,26058.06289
9-Apr-2016,26058.06289
10-Apr-2016,26058.06289
11-Apr-2016,26058.06289
12-Apr-2016,26058.06289
13-Apr-2016,26058.06289
14-Apr-2016,26058.06289
15-Apr-2016,26058.06289
16-Apr-2016,26058.06289
17-Apr-2016,26058.06289
18-Apr-2016,26058.06289
19-Apr-2016,26058.06289
20-Apr-2016,26058.06289
21-Apr-2016,26058.06289
22-Apr-2016,26058.06289
23-Apr-2016,26058.06289
24-Apr-2016,26058.06289
25-Apr-2016,26058.06289
26-Apr-2016,26058.06289
27-Apr-2016,26058.06289
28-Apr-2016,26058.06289
29-Apr-2016,26058.06289
30-Apr-2016,26058.06289
1-May-2016,24268.8986
2-May-2016,24268.8986
3-May-2016,24268.8986
4-May-2016,24268.8986
5-May-2016,24268.8986
6-May-2016,24268.8986
7-May-2016,24268.8986
8-May-2016,24268.8986
9-May-2016,24268.8986
10-May-2016,24268.8986
11-May-2016,24268.8986
12-May-2016,24268.8986
13-May-2016,24268.8986
14-May-2016,24268.8986
15-May-2016,24268.8986
16-May-2016,24268.8986
17-May-2016,24268.8986
18-May-2016,24268.8986
19-May-2016,24268.8986
20-May-2016,24268.8986
21-May-2016,24268.8986
22-May-2016,24268.8986
23-May-2016,24268.8986
24-May-2016,24268.8986
25-May-2016,24268.8986
26-May-2016,24268.8986
27-May-2016,24268.8986
28-May-2016,24268.8986
29-May-2016,24268.8986
30-May-2016,24268.8986
31-May-2016,24268.8986
1-Jun-2016,31999.22872
2-Jun-2016,31999.22872
3-Jun-2016,31999.22872
4-Jun-2016,31999.22872
5-Jun-2016,31999.22872
6-Jun-2016,31999.22872
7-Jun-2016,31999.22872
8-Jun-2016,31999.22872
9-Jun-2016,31999.22872
10-Jun-2016,31999.22872
11-Jun-2016,31999.22872
12-Jun-2016,31999.22872
13-Jun-2016,31999.22872
14-Jun-2016,31999.22872
15-Jun-2016,31999.22872
16-Jun-2016,31999.22872
17-Jun-2016,31999.22872
18-Jun-2016,31999.22872
19-Jun-2016,31999.22872
20-Jun-2016,31999.22872
21-Jun-2016,31999.22872
22-Jun-2016,31999.22872
23-Jun-2016,31999.22872
24-Jun-2016,31999.22872
25-Jun-2016,31999.22872
26-Jun-2016,31999.22872
27-Jun-2016,31999.22872
28-Jun-2016,31999.22872
29-Jun-2016,31999.22872
30-Jun-2016,31999.22872
1-Jul-2016,42801.57151
2-Jul-2016,42801.57151
3-Jul-2016,42801.57151
4-Jul-2016,42801.57151
5-Jul-2016,42801.57151
6-Jul-2016,42801.57151
7-Jul-2016,42801.57151
8-Jul-2016,42801.57151
9-Jul-2016,42801.57151
10-Jul-2016,42801.57151
11-Jul-2016,42801.57151
12-Jul-2016,42801.57151
13-Jul-2016,42801.57151
14-Jul-2016,42801.57151
15-Jul-2016,42801.57151
16-Jul-2016,42801.57151
17-Jul-2016,42801.57151
18-Jul-2016,42801.57151
19-Jul-2016,42801.57151
20-Jul-2016,42801.57151
21-Jul-2016,42801.57151
22-Jul-2016,42801.57151
23-Jul-2016,42801.57151
24-Jul-2016,42801.57151
25-Jul-2016,42801.57151
26-Jul-2016,42801.57151
27-Jul-2016,42801.57151
28-Jul-2016,42801.57151
29-Jul-2016,42801.57151
30-Jul-2016,42801.57151
31-Jul-2016,42801.57151
1-Aug-2016,42865.75575
2-Aug-2016,42865.75575
3-Aug-2016,42865.75575
4-Aug-2016,42865.75575
5-Aug-2016,42865.75575
6-Aug-2016,42865.75575
7-Aug-2016,42865.75575
8-Aug-2016,42865.75575
9-Aug-2016,42865.75575
10-Aug-2016,42865.75575
11-Aug-2016,42865.75575
12-Aug-2016,42865.75575
13-Aug-2016,42865.75575
14-Aug-2016,42865.75575
15-Aug-2016,42865.75575
16-Aug-2016,42865.75575
17-Aug-2016,42865.75575
18-Aug-2016,42865.75575
19-Aug-2016,42865.75575
20-Aug-2016,42865.75575
21-Aug-2016,42865.75575
22-Aug-2016,42865.75575
23-Aug-2016,42865.75575
24-Aug-2016,42865.75575
25-Aug-2016,42865.75575
26-Aug-2016,42865.75575
27-Aug-2016,42865.75575
28-Aug-2016,42865.75575
29-Aug-2016,42865.75575
30-Aug-2016,42865.75575
31-Aug-2016,42865.75575
1-Sep-2016,38190.02881
2-Sep-2016,38190.02881
3-Sep-2016,38190.02881
4-Sep-2016,38190.02881
5-Sep-2016,38190.02881
6-Sep-2016,38190.02881
7-Sep-2016,38190.02881
8-Sep-2016,38190.02881
9-Sep-2016,38190.02881
10-Sep-2016,38190.02881
11-Sep-2016,38190.02881
12-Sep-2016,38190.02881
13-Sep-2016,38190.02881
14-Sep-2016,38190.02881
15-Sep-2016,38190.02881
16-Sep-2016,38190.02881
17-Sep-2016,38190.02881
18-Sep-2016,38190.02881
19-Sep-2016,38190.02881
20-Sep-2016,38190.02881
21-Sep-2016,38190.02881
22-Sep-2016,38190.02881
23-Sep-2016,38190.02881
24-Sep-2016,38190.02881
25-Sep-2016,38190.02881
26-Sep-2016,38190.02881
27-Sep-2016,38190.02881
28-Sep-2016,38190.02881
29-Sep-2016,38190.02881
30-Sep-2016,38190.02881
1-Oct-2016,28807.55575
2-Oct-2016,28807.55575
3-Oct-2016,28807.55575
4-Oct-2016,28807.55575
5-Oct-2016,28807.55575
6-Oct-2016,28807.55575
7-Oct-2016,28807.55575
8-Oct-2016,28807.55575
9-Oct-2016,28807.55575
10-Oct-2016,28807.55575
11-Oct-2016,28807.55575
12-Oct-2016,28807.55575
13-Oct-2016,28807.55575
14-Oct-2016,28807.55575
15-Oct-2016,28807.55575
16-Oct-2016,28807.55575
17-Oct-2016,28807.55575
18-Oct-2016,28807.55575
19-Oct-2016,28807.55575
20-Oct-2016,28807.55575
21-Oct-2016,28807.55575
22-Oct-2016,28807.55575
23-Oct-2016,28807.55575
24-Oct-2016,28807.55575
25-Oct-2016,28807.55575
26-Oct-2016,28807.55575
27-Oct-2016,28807.55575
28-Oct-2016,28807.55575
29-Oct-2016,28807.55575
30-Oct-2016,28807.55575
31-Oct-2016,28807.55575
1-Nov-2016,26469.05518
2-Nov-2016,26469.05518
3-Nov-2016,26469.05518
4-Nov-2016,26469.05518
5-Nov-2016,26469.05518
6-Nov-2016,26469.05518
7-Nov-2016,26469.05518
8-Nov-2016,26469.05518
9-Nov-2016,26469.05518
10-Nov-2016,26469.05518
11-Nov-2016,26469.05518
12-Nov-2016,26469.05518
13-Nov-2016,26469.05518
14-Nov-2016,26469.05518
15-Nov-2016,26469.05518
16-Nov-2016,26469.05518
17-Nov-2016,26469.05518
18-Nov-2016,26469.05518
19-Nov-2016,26469.05518
20-Nov-2016,26469.05518
21-Nov-2016,26469.05518
22-Nov-2016,26469.05518
23-Nov-2016,26469.05518
24-Nov-2016,26469.05518
25-Nov-2016,26469.05518
26-Nov-2016,26469.05518
27-Nov-2016,26469.05518
28-Nov-2016,26469.05518
29-Nov-2016,26469.05518
30-Nov-2016,26469.05518
1-Dec-2016,27725.98968
2-Dec-2016,27725.98968
3-Dec-2016,27725.98968
4-Dec-2016,27725.98968
5-Dec-2016,27725.98968
6-Dec-2016,27725.98968
7-Dec-2016,27725.98968
8-Dec-2016,27725.98968
9-Dec-2016,27725.98968
10-Dec-2016,27725.98968
11-Dec-2016,27725.98968
12-Dec-2016,27725.98968
13-Dec-2016,27725.98968
14-Dec-2016,27725.98968
15-Dec-2016,27725.98968
16-Dec-2016,27725.98968
17-Dec-2016,27725.98968
18-Dec-2016,27725.98968
19-Dec-2016,27725.98968
20-Dec-2016,27725.98968
21-Dec-2016,27725.98968
22-Dec-2016,27725.98968
23-Dec-2016,27725.98968
24-Dec-2016,27725.98968
25-Dec-2016,27725.98968
26-Dec-2016,27725.98968
27-Dec-2016,27725.98968
28-Dec-2016,27725.98968
29-Dec-2016,27725.98968
30-Dec-2016,27725.98968
31-Dec-2016,27725.98968
1-Jan-2017,29557.01693
2-Jan-2017,29557.01693
3-Jan-2017,29557.01693
4-Jan-2017,29557.01693
5-Jan-2017,29557.01693
6-Jan-2017,29557.01693
7-Jan-2017,29557.01693
8-Jan-2017,29557.01693
9-Jan-2017,29557.01693
10-Jan-2017,29557.01693
11-Jan-2017,29557.01693
12-Jan-2017,29557.01693
13-Jan-2017,29557.01693
14-Jan-2017,29557.01693
15-Jan-2017,29557.01693
16-Jan-2017,29557.01693
17-Jan-2017,29557.01693
18-Jan-2017,29557.01693
19-Jan-2017,29557.01693
20-Jan-2017,29557.01693
21-Jan-2017,29557.01693
22-Jan-2017,29557.01693
23-Jan-2017,29557.01693
24-Jan-2017,29557.01693
25-Jan-2017,29557.01693
26-Jan-2017,29557.01693
27-Jan-2017,29557.01693
28-Jan-2017,29557.01693
29-Jan-2017,29557.01693
30-Jan-2017,29557.01693
31-Jan-2017,29557.01693
1-Feb-2017,26126.85325
2-Feb-2017,26126.85325
3-Feb-2017,26126.85325
4-Feb-2017,26126.85325
5-Feb-2017,26126.85325
6-Feb-2017,26126.85325
7-Feb-2017,26126.85325
8-Feb-2017,26126.85325
9-Feb-2017,26126.85325
10-Feb-2017,26126.85325
11-Feb-2017,26126.85325
12-Feb-2017,26126.85325
13-Feb-2017,26126.85325
14-Feb-2017,26126.85325
15-Feb-2017,26126.85325
16-Feb-2017,26126.85325
17-Feb-2017,26126.85325
18-Feb-2017,26126.85325
19-Feb-2017,26126.85325
20-Feb-2017,26126.85325
21-Feb-2017,26126.85325
22-Feb-2017,26126.85325
23-Feb-2017,26126.85325
24-Feb-2017,26126.85325
25-Feb-2017,26126.85325
26-Feb-2017,26126.85325
27-Feb-2017,26126.85325
28-Feb-2017,26126.85325
1-Mar-2017,26566.16541
2-Mar-2017,26566.16541
3-Mar-2017,26566.16541
4-Mar-2017,26566.16541
5-Mar-2017,26566.16541
6-Mar-2017,26566.16541
7-Mar-2017,26566.16541
8-Mar-2017,26566.16541
9-Mar-2017,26566.16541
10-Mar-2017,26566.16541
11-Mar-2017,26566.16541
12-Mar-2017,26566.16541
13-Mar-2017,26566.16541
14-Mar-2017,26566.16541
15-Mar-2017,26566.16541
16-Mar-2017,26566.16541
17-Mar-2017,26566.16541
18-Mar-2017,26566.16541
19-Mar-2017,26566.16541
20-Mar-2017,26566.16541
21-Mar-2017,26566.16541
22-Mar-2017,26566.16541
23-Mar-2017,26566.16541
24-Mar-2017,26566.16541
25-Mar-2017,26566.16541
26-Mar-2017,26566.16541
27-Mar-2017,26566.16541
28-Mar-2017,26566.16541
29-Mar-2017,26566.16541
30-Mar-2017,26566.16541
31-Mar-2017,26566.16541
1-Apr-2017,24172.94317
2-Apr-2017,24172.94317
3-Apr-2017,24172.94317
4-Apr-2017,24172.94317
5-Apr-2017,24172.94317
6-Apr-2017,24172.94317
7-Apr-2017,24172.94317
8-Apr-2017,24172.94317
9-Apr-2017,24172.94317
10-Apr-2017,24172.94317
11-Apr-2017,24172.94317
12-Apr-2017,24172.94317
13-Apr-2017,24172.94317
14-Apr-2017,24172.94317
15-Apr-2017,24172.94317
16-Apr-2017,24172.94317
17-Apr-2017,24172.94317
18-Apr-2017,24172.94317
19-Apr-2017,24172.94317
20-Apr-2017,24172.94317
21-Apr-2017,24172.94317
22-Apr-2017,24172.94317
23-Apr-2017,24172.94317
24-Apr-2017,24172.94317
25-Apr-2017,24172.94317
26-Apr-2017,24172.94317
27-Apr-2017,24172.94317
28-Apr-2017,24172.94317
29-Apr-2017,24172.94317
30-Apr-2017,24172.94317
1-May-2017,24481.53633
2-May-2017,24481.53633
3-May-2017,24481.53633
4-May-2017,24481.53633
5-May-2017,24481.53633
6-May-2017,24481.53633
7-May-2017,24481.53633
8-May-2017,24481.53633
9-May-2017,24481.53633
10-May-2017,24481.53633
11-May-2017,24481.53633
12-May-2017,24481.53633
13-May-2017,24481.53633
14-May-2017,24481.53633
15-May-2017,24481.53633
16-May-2017,24481.53633
17-May-2017,24481.53633
18-May-2017,24481.53633
19-May-2017,24481.53633
20-May-2017,24481.53633
21-May-2017,24481.53633
22-May-2017,24481.53633
23-May-2017,24481.53633
24-May-2017,24481.53633
25-May-2017,24481.53633
26-May-2017,24481.53633
27-May-2017,24481.53633
28-May-2017,24481.53633
29-May-2017,24481.53633
30-May-2017,24481.53633
31-May-2017,24481.53633
1-Jun-2017,29653.63703
2-Jun-2017,29653.63703
3-Jun-2017,29653.63703
4-Jun-2017,29653.63703
5-Jun-2017,29653.63703
6-Jun-2017,29653.63703
7-Jun-2017,29653.63703
8-Jun-2017,29653.63703
9-Jun-2017,29653.63703
10-Jun-2017,29653.63703
11-Jun-2017,29653.63703
12-Jun-2017,29653.63703
13-Jun-2017,29653.63703
14-Jun-2017,29653.63703
15-Jun-2017,29653.63703
16-Jun-2017,29653.63703
17-Jun-2017,29653.63703
18-Jun-2017,29653.63703
19-Jun-2017,29653.63703
20-Jun-2017,29653.63703
21-Jun-2017,29653.63703
22-Jun-2017,29653.63703
23-Jun-2017,29653.63703
24-Jun-2017,29653.63703
25-Jun-2017,29653.63703
26-Jun-2017,29653.63703
27-Jun-2017,29653.63703
28-Jun-2017,29653.63703
29-Jun-2017,29653.63703
30-Jun-2017,29653.63703
1-Jul-2017,42507.86801
2-Jul-2017,42507.86801
3-Jul-2017,42507.86801
4-Jul-2017,42507.86801
5-Jul-2017,42507.86801
6-Jul-2017,42507.86801
7-Jul-2017,42507.86801
8-Jul-2017,42507.86801
9-Jul-2017,42507.86801
10-Jul-2017,42507.86801
11-Jul-2017,42507.86801
12-Jul-2017,42507.86801
13-Jul-2017,42507.86801
14-Jul-2017,42507.86801
15-Jul-2017,42507.86801
16-Jul-2017,42507.86801
17-Jul-2017,42507.86801
18-Jul-2017,42507.86801
19-Jul-2017,42507.86801
20-Jul-2017,42507.86801
21-Jul-2017,42507.86801
22-Jul-2017,42507.86801
23-Jul-2017,42507.86801
24-Jul-2017,42507.86801
25-Jul-2017,42507.86801
26-Jul-2017,42507.86801
27-Jul-2017,42507.86801
28-Jul-2017,42507.86801
29-Jul-2017,42507.86801
30-Jul-2017,42507.86801
31-Jul-2017,42507.86801
1-Aug-2017,35835.41938
2-Aug-2017,35835.41938
3-Aug-2017,35835.41938
4-Aug-2017,35835.41938
5-Aug-2017,35835.41938
6-Aug-2017,35835.41938
7-Aug-2017,35835.41938
8-Aug-2017,35835.41938
9-Aug-2017,35835.41938
10-Aug-2017,35835.41938
11-Aug-2017,35835.41938
12-Aug-2017,35835.41938
13-Aug-2017,35835.41938
14-Aug-2017,35835.41938
15-Aug-2017,35835.41938
16-Aug-2017,35835.41938
17-Aug-2017,35835.41938
18-Aug-2017,35835.41938
19-Aug-2017,35835.41938
20-Aug-2017,35835.41938
21-Aug-2017,35835.41938
22-Aug-2017,35835.41938
23-Aug-2017,35835.41938
24-Aug-2017,35835.41938
25-Aug-2017,35835.41938
26-Aug-2017,35835.41938
27-Aug-2017,35835.41938
28-Aug-2017,35835.41938
29-Aug-2017,35835.41938
30-Aug-2017,35835.41938
31-Aug-2017,35835.41938
1-Sep-2017,31344.01142
2-Sep-2017,31344.01142
3-Sep-2017,31344.01142
4-Sep-2017,31344.01142
5-Sep-2017,31344.01142
6-Sep-2017,31344.01142
7-Sep-2017,31344.01142
8-Sep-2017,31344.01142
9-Sep-2017,31344.01142
10-Sep-2017,31344.01142
11-Sep-2017,31344.01142
12-Sep-2017,31344.01142
13-Sep-2017,31344.01142
14-Sep-2017,31344.01142
15-Sep-2017,31344.01142
16-Sep-2017,31344.01142
17-Sep-2017,31344.01142
18-Sep-2017,31344.01142
19-Sep-2017,31344.01142
20-Sep-2017,31344.01142
21-Sep-2017,31344.01142
22-Sep-2017,31344.01142
23-Sep-2017,31344.01142
24-Sep-2017,31344.01142
25-Sep-2017,31344.01142
26-Sep-2017,31344.01142
27-Sep-2017,31344.01142
28-Sep-2017,31344.01142
29-Sep-2017,31344.01142
30-Sep-2017,31344.01142
1-Oct-2017,31377.49289
2-Oct-2017,31377.49289
3-Oct-2017,31377.49289
4-Oct-2017,31377.49289
5-Oct-2017,31377.49289
6-Oct-2017,31377.49289
7-Oct-2017,31377.49289
8-Oct-2017,31377.49289
9-Oct-2017,31377.49289
10-Oct-2017,31377.49289
11-Oct-2017,31377.49289
12-Oct-2017,31377.49289
13-Oct-2017,31377.49289
14-Oct-2017,31377.49289
15-Oct-2017,31377.49289
16-Oct-2017,31377.49289
17-Oct-2017,31377.49289
18-Oct-2017,31377.49289
19-Oct-2017,31377.49289
20-Oct-2017,31377.49289
21-Oct-2017,31377.49289
22-Oct-2017,31377.49289
23-Oct-2017,31377.49289
24-Oct-2017,31377.49289
25-Oct-2017,31377.49289
26-Oct-2017,31377.49289
27-Oct-2017,31377.49289
28-Oct-2017,31377.49289
29-Oct-2017,31377.49289
30-Oct-2017,31377.49289
31-Oct-2017,31377.49289
1-Nov-2017,26616.7027
2-Nov-2017,26616.7027
3-Nov-2017,26616.7027
4-Nov-2017,26616.7027
5-Nov-2017,26616.7027
6-Nov-2017,26616.7027
7-Nov-2017,26616.7027
8-Nov-2017,26616.7027
9-Nov-2017,26616.7027
10-Nov-2017,26616.7027
11-Nov-2017,26616.7027
12-Nov-2017,26616.7027
13-Nov-2017,26616.7027
14-Nov-2017,26616.7027
15-Nov-2017,26616.7027
16-Nov-2017,26616.7027
17-Nov-2017,26616.7027
18-Nov-2017,26616.7027
19-Nov-2017,26616.7027
20-Nov-2017,26616.7027
21-Nov-2017,26616.7027
22-Nov-2017,26616.7027
23-Nov-2017,26616.7027
24-Nov-2017,26616.7027
25-Nov-2017,26616.7027
26-Nov-2017,26616.7027
27-Nov-2017,26616.7027
28-Nov-2017,26616.7027
29-Nov-2017,26616.7027
30-Nov-2017,26616.7027
1-Dec-2017,28594.29767
2-Dec-2017,28594.29767
3-Dec-2017,28594.29767
4-Dec-2017,28594.29767
5-Dec-2017,28594.29767
6-Dec-2017,28594.29767
7-Dec-2017,28594.29767
8-Dec-2017,28594.29767
9-Dec-2017,28594.29767
10-Dec-2017,28594.29767
11-Dec-2017,28594.29767
12-Dec-2017,28594.29767
13-Dec-2017,28594.29767
14-Dec-2017,28594.29767
15-Dec-2017,28594.29767
16-Dec-2017,28594.29767
17-Dec-2017,28594.29767
18-Dec-2017,28594.29767
19-Dec-2017,28594.29767
20-Dec-2017,28594.29767
21-Dec-2017,28594.29767
22-Dec-2017,28594.29767
23-Dec-2017,28594.29767
24-Dec-2017,28594.29767
25-Dec-2017,28594.29767
26-Dec-2017,28594.29767
27-Dec-2017,28594.29767
28-Dec-2017,28594.29767
29-Dec-2017,28594.29767
30-Dec-2017,28594.29767
31-Dec-2017,28594.29767
1-Jan-2019,26828.51304
2-Jan-2019,26828.51304
3-Jan-2019,26828.51304
4-Jan-2019,26828.51304
5-Jan-2019,26828.51304
6-Jan-2019,26828.51304
7-Jan-2019,26828.51304
8-Jan-2019,26828.51304
9-Jan-2019,26828.51304
10-Jan-2019,26828.51304
11-Jan-2019,26828.51304
12-Jan-2019,26828.51304
13-Jan-2019,26828.51304
14-Jan-2019,26828.51304
15-Jan-2019,26828.51304
16-Jan-2019,26828.51304
17-Jan-2019,26828.51304
18-Jan-2019,26828.51304
19-Jan-2019,26828.51304
20-Jan-2019,26828.51304
21-Jan-2019,26828.51304
22-Jan-2019,26828.51304
23-Jan-2019,26828.51304
24-Jan-2019,26828.51304
25-Jan-2019,26828.51304
26-Jan-2019,26828.51304
27-Jan-2019,26828.51304
28-Jan-2019,26828.51304
29-Jan-2019,26828.51304
30-Jan-2019,26828.51304
31-Jan-2019,26828.51304
1-Feb-2019,26567.085
2-Feb-2019,26567.085
3-Feb-2019,26567.085
4-Feb-2019,26567.085
5-Feb-2019,26567.085
6-Feb-2019,26567.085
7-Feb-2019,26567.085
8-Feb-2019,26567.085
9-Feb-2019,26567.085
10-Feb-2019,26567.085
11-Feb-2019,26567.085
12-Feb-2019,26567.085
13-Feb-2019,26567.085
14-Feb-2019,26567.085
15-Feb-2019,26567.085
16-Feb-2019,26567.085
17-Feb-2019,26567.085
18-Feb-2019,26567.085
19-Feb-2019,26567.085
20-Feb-2019,26567.085
21-Feb-2019,26567.085
22-Feb-2019,26567.085
23-Feb-2019,26567.085
24-Feb-2019,26567.085
25-Feb-2019,26567.085
26-Feb-2019,26567.085
27-Feb-2019,26567.085
28-Feb-2019,26567.085
1-Mar-2019,23759.64672
2-Mar-2019,23759.64672
3-Mar-2019,23759.64672
4-Mar-2019,23759.64672
5-Mar-2019,23759.64672
6-Mar-2019,23759.64672
7-Mar-2019,23759.64672
8-Mar-2019,23759.64672
9-Mar-2019,23759.64672
10-Mar-2019,23759.64672
11-Mar-2019,23759.64672
12-Mar-2019,23759.64672
13-Mar-2019,23759.64672
14-Mar-2019,23759.64672
15-Mar-2019,23759.64672
16-Mar-2019,23759.64672
17-Mar-2019,23759.64672
18-Mar-2019,23759.64672
19-Mar-2019,23759.64672
20-Mar-2019,23759.64672
21-Mar-2019,23759.64672
22-Mar-2019,23759.64672
23-Mar-2019,23759.64672
24-Mar-2019,23759.64672
25-Mar-2019,23759.64672
26-Mar-2019,23759.64672
27-Mar-2019,23759.64672
28-Mar-2019,23759.64672
29-Mar-2019,23759.64672
30-Mar-2019,23759.64672
31-Mar-2019,23759.64672
1-Apr-2019,23650.48362
2-Apr-2019,23650.48362
3-Apr-2019,23650.48362
4-Apr-2019,23650.48362
5-Apr-2019,23650.48362
6-Apr-2019,23650.48362
7-Apr-2019,23650.48362
8-Apr-2019,23650.48362
9-Apr-2019,23650.48362
10-Apr-2019,23650.48362
11-Apr-2019,23650.48362
12-Apr-2019,23650.48362
13-Apr-2019,23650.48362
14-Apr-2019,23650.48362
15-Apr-2019,23650.48362
16-Apr-2019,23650.48362
17-Apr-2019,23650.48362
18-Apr-2019,23650.48362
19-Apr-2019,23650.48362
20-Apr-2019,23650.48362
21-Apr-2019,23650.48362
22-Apr-2019,23650.48362
23-Apr-2019,23650.48362
24-Apr-2019,23650.48362
25-Apr-2019,23650.48362
26-Apr-2019,23650.48362
27-Apr-2019,23650.48362
28-Apr-2019,23650.48362
29-Apr-2019,23650.48362
30-Apr-2019,23650.48362
1-May-2019,23284.12829
2-May-2019,23284.12829
3-May-2019,23284.12829
4-May-2019,23284.12829
5-May-2019,23284.12829
6-May-2019,23284.12829
7-May-2019,23284.12829
8-May-2019,23284.12829
9-May-2019,23284.12829
10-May-2019,23284.12829
11-May-2019,23284.12829
12-May-2019,23284.12829
13-May-2019,23284.12829
14-May-2019,23284.12829
15-May-2019,23284.12829
16-May-2019,23284.12829
17-May-2019,23284.12829
18-May-2019,23284.12829
19-May-2019,23284.12829
20-May-2019,23284.12829
21-May-2019,23284.12829
22-May-2019,23284.12829
23-May-2019,23284.12829
24-May-2019,23284.12829
25-May-2019,23284.12829
26-May-2019,23284.12829
27-May-2019,23284.12829
28-May-2019,23284.12829
29-May-2019,23284.12829
30-May-2019,23284.12829
31-May-2019,23284.12829
1-Jun-2019,28234.46362
2-Jun-2019,28234.46362
3-Jun-2019,28234.46362
4-Jun-2019,28234.46362
5-Jun-2019,28234.46362
6-Jun-2019,28234.46362
7-Jun-2019,28234.46362
8-Jun-2019,28234.46362
9-Jun-2019,28234.46362
10-Jun-2019,28234.46362
11-Jun-2019,28234.46362
12-Jun-2019,28234.46362
13-Jun-2019,28234.46362
14-Jun-2019,28234.46362
15-Jun-2019,28234.46362
16-Jun-2019,28234.46362
17-Jun-2019,28234.46362
18-Jun-2019,28234.46362
19-Jun-2019,28234.46362
20-Jun-2019,28234.46362
21-Jun-2019,28234.46362
22-Jun-2019,28234.46362
23-Jun-2019,28234.46362
24-Jun-2019,28234.46362
25-Jun-2019,28234.46362
26-Jun-2019,28234.46362
27-Jun-2019,28234.46362
28-Jun-2019,28234.46362
29-Jun-2019,28234.46362
30-Jun-2019,28234.46362
1-Jul-2019,38367.64809
2-Jul-2019,38367.64809
3-Jul-2019,38367.64809
4-Jul-2019,38367.64809
5-Jul-2019,38367.64809
6-Jul-2019,38367.64809
7-Jul-2019,38367.64809
8-Jul-2019,38367.64809
9-Jul-2019,38367.64809
10-Jul-2019,38367.64809
11-Jul-2019,38367.64809
12-Jul-2019,38367.64809
13-Jul-2019,38367.64809
14-Jul-2019,38367.64809
15-Jul-2019,38367.64809
16-Jul-2019,38367.64809
17-Jul-2019,38367.64809
18-Jul-2019,38367.64809
19-Jul-2019,38367.64809
20-Jul-2019,38367.64809
21-Jul-2019,38367.64809
22-Jul-2019,38367.64809
23-Jul-2019,38367.64809
24-Jul-2019,38367.64809
25-Jul-2019,38367.64809
26-Jul-2019,38367.64809
27-Jul-2019,38367.64809
28-Jul-2019,38367.64809
29-Jul-2019,38367.64809
30-Jul-2019,38367.64809
31-Jul-2019,38367.64809
1-Aug-2019,36477.04316
2-Aug-2019,36477.04316
3-Aug-2019,36477.04316
4-Aug-2019,36477.04316
5-Aug-2019,36477.04316
6-Aug-2019,36477.04316
7-Aug-2019,36477.04316
8-Aug-2019,36477.04316
9-Aug-2019,36477.04316
10-Aug-2019,36477.04316
11-Aug-2019,36477.04316
12-Aug-2019,36477.04316
13-Aug-2019,36477.04316
14-Aug-2019,36477.04316
15-Aug-2019,36477.04316
16-Aug-2019,36477.04316
17-Aug-2019,36477.04316
18-Aug-2019,36477.04316
19-Aug-2019,36477.04316
20-Aug-2019,36477.04316
21-Aug-2019,36477.04316
22-Aug-2019,36477.04316
23-Aug-2019,36477.04316
24-Aug-2019,36477.04316
25-Aug-2019,36477.04316
26-Aug-2019,36477.04316
27-Aug-2019,36477.04316
28-Aug-2019,36477.04316
29-Aug-2019,36477.04316
30-Aug-2019,36477.04316
31-Aug-2019,36477.04316
1-Sep-2019,32798.47782
2-Sep-2019,32798.47782
3-Sep-2019,32798.47782
4-Sep-2019,32798.47782
5-Sep-2019,32798.47782
6-Sep-2019,32798.47782
7-Sep-2019,32798.47782
8-Sep-2019,32798.47782
9-Sep-2019,32798.47782
10-Sep-2019,32798.47782
11-Sep-2019,32798.47782
12-Sep-2019,32798.47782
13-Sep-2019,32798.47782
14-Sep-2019,32798.47782
15-Sep-2019,32798.47782
16-Sep-2019,32798.47782
17-Sep-2019,32798.47782
18-Sep-2019,32798.47782
19-Sep-2019,32798.47782
20-Sep-2019,32798.47782
21-Sep-2019,32798.47782
22-Sep-2019,32798.47782
23-Sep-2019,32798.47782
24-Sep-2019,32798.47782
25-Sep-2019,32798.47782
26-Sep-2019,32798.47782
27-Sep-2019,32798.47782
28-Sep-2019,32798.47782
29-Sep-2019,32798.47782
30-Sep-2019,32798.47782
1-Oct-2019,26682.09232
2-Oct-2019,26682.09232
3-Oct-2019,26682.09232
4-Oct-2019,26682.09232
5-Oct-2019,26682.09232
6-Oct-2019,26682.09232
7-Oct-2019,26682.09232
8-Oct-2019,26682.09232
9-Oct-2019,26682.09232
10-Oct-2019,26682.09232
11-Oct-2019,26682.09232
12-Oct-2019,26682.09232
13-Oct-2019,26682.09232
14-Oct-2019,26682.09232
15-Oct-2019,26682.09232
16-Oct-2019,26682.09232
17-Oct-2019,26682.09232
18-Oct-2019,26682.09232
19-Oct-2019,26682.09232
20-Oct-2019,26682.09232
21-Oct-2019,26682.09232
22-Oct-2019,26682.09232
23-Oct-2019,26682.09232
24-Oct-2019,26682.09232
25-Oct-2019,26682.09232
26-Oct-2019,26682.09232
27-Oct-2019,26682.09232
28-Oct-2019,26682.09232
29-Oct-2019,26682.09232
30-Oct-2019,26682.09232
31-Oct-2019,26682.09232
1-Nov-2019,24261.86401
2-Nov-2019,24261.86401
3-Nov-2019,24261.86401
4-Nov-2019,24261.86401
5-Nov-2019,24261.86401
6-Nov-2019,24261.86401
7-Nov-2019,24261.86401
8-Nov-2019,24261.86401
9-Nov-2019,24261.86401
10-Nov-2019,24261.86401
11-Nov-2019,24261.86401
12-Nov-2019,24261.86401
13-Nov-2019,24261.86401
14-Nov-2019,24261.86401
15-Nov-2019,24261.86401
16-Nov-2019,24261.86401
17-Nov-2019,24261.86401
18-Nov-2019,24261.86401
19-Nov-2019,24261.86401
20-Nov-2019,24261.86401
21-Nov-2019,24261.86401
22-Nov-2019,24261.86401
23-Nov-2019,24261.86401
24-Nov-2019,24261.86401
25-Nov-2019,24261.86401
26-Nov-2019,24261.86401
27-Nov-2019,24261.86401
28-Nov-2019,24261.86401
29-Nov-2019,24261.86401
30-Nov-2019,24261.86401
1-Dec-2019,27558.74058
2-Dec-2019,27558.74058
3-Dec-2019,27558.74058
4-Dec-2019,27558.74058
5-Dec-2019,27558.74058
6-Dec-2019,27558.74058
7-Dec-2019,27558.74058
8-Dec-2019,27558.74058
9-Dec-2019,27558.74058
10-Dec-2019,27558.74058
11-Dec-2019,27558.74058
12-Dec-2019,27558.74058
13-Dec-2019,27558.74058
14-Dec-2019,27558.74058
15-Dec-2019,27558.74058
16-Dec-2019,27558.74058
17-Dec-2019,27558.74058
18-Dec-2019,27558.74058
19-Dec-2019,27558.74058
20-Dec-2019,27558.74058
21-Dec-2019,27558.74058
22-Dec-2019,27558.74058
23-Dec-2019,27558.74058
24-Dec-2019,27558.74058
25-Dec-2019,27558.74058
26-Dec-2019,27558.74058
27-Dec-2019,27558.74058
28-Dec-2019,27558.74058
29-Dec-2019,27558.74058
30-Dec-2019,27558.74058
31-Dec-2019,27558.74058
1-Jan-2020,26273.67046
2-Jan-2020,26273.67046
3-Jan-2020,26273.67046
4-Jan-2020,26273.67046
5-Jan-2020,26273.67046
6-Jan-2020,26273.67046
7-Jan-2020,26273.67046
8-Jan-2020,26273.67046
9-Jan-2020,26273.67046
10-Jan-2020,26273.67046
11-Jan-2020,26273.67046
12-Jan-2020,26273.67046
13-Jan-2020,26273.67046
14-Jan-2020,26273.67046
15-Jan-2020,26273.67046
16-Jan-2020,26273.67046
17-Jan-2020,26273.67046
18-Jan-2020,26273.67046
19-Jan-2020,26273.67046
20-Jan-2020,26273.67046
21-Jan-2020,26273.67046
22-Jan-2020,26273.67046
23-Jan-2020,26273.67046
24-Jan-2020,26273.67046
25-Jan-2020,26273.67046
26-Jan-2020,26273.67046
27-Jan-2020,26273.67046
28-Jan-2020,26273.67046
29-Jan-2020,26273.67046
30-Jan-2020,26273.67046
31-Jan-2020,26273.67046
1-Feb-2020,26297.63053
2-Feb-2020,26297.63053
3-Feb-2020,26297.63053
4-Feb-2020,26297.63053
5-Feb-2020,26297.63053
6-Feb-2020,26297.63053
7-Feb-2020,26297.63053
8-Feb-2020,26297.63053
9-Feb-2020,26297.63053
10-Feb-2020,26297.63053
11-Feb-2020,26297.63053
12-Feb-2020,26297.63053
13-Feb-2020,26297.63053
14-Feb-2020,26297.63053
15-Feb-2020,26297.63053
16-Feb-2020,26297.63053
17-Feb-2020,26297.63053
18-Feb-2020,26297.63053
19-Feb-2020,26297.63053
20-Feb-2020,26297.63053
21-Feb-2020,26297.63053
22-Feb-2020,26297.63053
23-Feb-2020,26297.63053
24-Feb-2020,26297.63053
25-Feb-2020,26297.63053
26-Feb-2020,26297.63053
27-Feb-2020,26297.63053
28-Feb-2020,26297.63053
29-Feb-2020,26297.63053
1-Mar-2020,23914.57674
2-Mar-2020,23914.57674
3-Mar-2020,23914.57674
4-Mar-2020,23914.57674
5-Mar-2020,23914.57674
6-Mar-2020,23914.57674
7-Mar-2020,23914.57674
8-Mar-2020,23914.57674
9-Mar-2020,23914.57674
10-Mar-2020,23914.57674
11-Mar-2020,23914.57674
12-Mar-2020,23914.57674
13-Mar-2020,23914.57674
14-Mar-2020,23914.57674
15-Mar-2020,23914.57674
16-Mar-2020,23914.57674
17-Mar-2020,23914.57674
18-Mar-2020,23914.57674
19-Mar-2020,23914.57674
20-Mar-2020,23914.57674
21-Mar-2020,23914.57674
22-Mar-2020,23914.57674
23-Mar-2020,23914.57674
24-Mar-2020,23914.57674
25-Mar-2020,23914.57674
26-Mar-2020,23914.57674
27-Mar-2020,23914.57674
28-Mar-2020,23914.57674
29-Mar-2020,23914.57674
30-Mar-2020,23914.57674
31-Mar-2020,23914.57674
1-Apr-2020,24287.37354
2-Apr-2020,24287.37354
3-Apr-2020,24287.37354
4-Apr-2020,24287.37354
5-Apr-2020,24287.37354
6-Apr-2020,24287.37354
7-Apr-2020,24287.37354
8-Apr-2020,24287.37354
9-Apr-2020,24287.37354
10-Apr-2020,24287.37354
11-Apr-2020,24287.37354
12-Apr-2020,24287.37354
13-Apr-2020,24287.37354
14-Apr-2020,24287.37354
15-Apr-2020,24287.37354
16-Apr-2020,24287.37354
17-Apr-2020,24287.37354
18-Apr-2020,24287.37354
19-Apr-2020,24287.37354
20-Apr-2020,24287.37354
21-Apr-2020,24287.37354
22-Apr-2020,24287.37354
23-Apr-2020,24287.37354
24-Apr-2020,24287.37354
25-Apr-2020,24287.37354
26-Apr-2020,24287.37354
27-Apr-2020,24287.37354
28-Apr-2020,24287.37354
29-Apr-2020,24287.37354
30-Apr-2020,24287.37354
1-May-2020,23787.60164
2-May-2020,23787.60164
3-May-2020,23787.60164
4-May-2020,23787.60164
5-May-2020,23787.60164
6-May-2020,23787.60164
7-May-2020,23787.60164
8-May-2020,23787.60164
9-May-2020,23787.60164
10-May-2020,23787.60164
11-May-2020,23787.60164
12-May-2020,23787.60164
13-May-2020,23787.60164
14-May-2020,23787.60164
15-May-2020,23787.60164
16-May-2020,23787.60164
17-May-2020,23787.60164
18-May-2020,23787.60164
19-May-2020,23787.60164
20-May-2020,23787.60164
21-May-2020,23787.60164
22-May-2020,23787.60164
23-May-2020,23787.60164
24-May-2020,23787.60164
25-May-2020,23787.60164
26-May-2020,23787.60164
27-May-2020,23787.60164
28-May-2020,23787.60164
29-May-2020,23787.60164
30-May-2020,23787.60164
31-May-2020,23787.60164
1-Jun-2020,30912.65327
2-Jun-2020,30912.65327
3-Jun-2020,30912.65327
4-Jun-2020,30912.65327
5-Jun-2020,30912.65327
6-Jun-2020,30912.65327
7-Jun-2020,30912.65327
8-Jun-2020,30912.65327
9-Jun-2020,30912.65327
10-Jun-2020,30912.65327
11-Jun-2020,30912.65327
12-Jun-2020,30912.65327
13-Jun-2020,30912.65327
14-Jun-2020,30912.65327
15-Jun-2020,30912.65327
16-Jun-2020,30912.65327
17-Jun-2020,30912.65327
18-Jun-2020,30912.65327
19-Jun-2020,30912.65327
20-Jun-2020,30912.65327
21-Jun-2020,30912.65327
22-Jun-2020,30912.65327
23-Jun-2020,30912.65327
24-Jun-2020,30912.65327
25-Jun-2020,30912.65327
26-Jun-2020,30912.65327
27-Jun-2020,30912.65327
28-Jun-2020,30912.65327
29-Jun-2020,30912.65327
30-Jun-2020,30912.65327
1-Jul-2020,40364.42342
2-Jul-2020,40364.42342
3-Jul-2020,40364.42342
4-Jul-2020,40364.42342
5-Jul-2020,40364.42342
6-Jul-2020,40364.42342
7-Jul-2020,40364.42342
8-Jul-2020,40364.42342
9-Jul-2020,40364.42342
10-Jul-2020,40364.42342
11-Jul-2020,40364.42342
12-Jul-2020,40364.42342
13-Jul-2020,40364.42342
14-Jul-2020,40364.42342
15-Jul-2020,40364.42342
16-Jul-2020,40364.42342
17-Jul-2020,40364.42342
18-Jul-2020,40364.42342
19-Jul-2020,40364.42342
20-Jul-2020,40364.42342
21-Jul-2020,40364.42342
22-Jul-2020,40364.42342
23-Jul-2020,40364.42342
24-Jul-2020,40364.42342
25-Jul-2020,40364.42342
26-Jul-2020,40364.42342
27-Jul-2020,40364.42342
28-Jul-2020,40364.42342
29-Jul-2020,40364.42342
30-Jul-2020,40364.42342
31-Jul-2020,40364.42342
1-Aug-2020,40483.05718
2-Aug-2020,40483.05718
3-Aug-2020,40483.05718
4-Aug-2020,40483.05718
5-Aug-2020,40483.05718
6-Aug-2020,40483.05718
7-Aug-2020,40483.05718
8-Aug-2020,40483.05718
9-Aug-2020,40483.05718
10-Aug-2020,40483.05718
11-Aug-2020,40483.05718
12-Aug-2020,40483.05718
13-Aug-2020,40483.05718
14-Aug-2020,40483.05718
15-Aug-2020,40483.05718
16-Aug-2020,40483.05718
17-Aug-2020,40483.05718
18-Aug-2020,40483.05718
19-Aug-2020,40483.05718
20-Aug-2020,40483.05718
21-Aug-2020,40483.05718
22-Aug-2020,40483.05718
23-Aug-2020,40483.05718
24-Aug-2020,40483.05718
25-Aug-2020,40483.05718
26-Aug-2020,40483.05718
27-Aug-2020,40483.05718
28-Aug-2020,40483.05718
29-Aug-2020,40483.05718
30-Aug-2020,40483.05718
31-Aug-2020,40483.05718
1-Sep-2020,36314.89403
2-Sep-2020,36314.89403
3-Sep-2020,36314.89403
4-Sep-2020,36314.89403
5-Sep-2020,36314.89403
6-Sep-2020,36314.89403
7-Sep-2020,36314.89403
8-Sep-2020,36314.89403
9-Sep-2020,36314.89403
10-Sep-2020,36314.89403
11-Sep-2020,36314.89403
12-Sep-2020,36314.89403
13-Sep-2020,36314.89403
14-Sep-2020,36314.89403
15-Sep-2020,36314.89403
16-Sep-2020,36314.89403
17-Sep-2020,36314.89403
18-Sep-2020,36314.89403
19-Sep-2020,36314.89403
20-Sep-2020,36314.89403
21-Sep-2020,36314.89403
22-Sep-2020,36314.89403
23-Sep-2020,36314.89403
24-Sep-2020,36314.89403
25-Sep-2020,36314.89403
26-Sep-2020,36314.89403
27-Sep-2020,36314.89403
28-Sep-2020,36314.89403
29-Sep-2020,36314.89403
30-Sep-2020,36314.89403
1-Oct-2020,26375.25822
2-Oct-2020,26375.25822
3-Oct-2020,26375.25822
4-Oct-2020,26375.25822
5-Oct-2020,26375.25822
6-Oct-2020,26375.25822
7-Oct-2020,26375.25822
8-Oct-2020,26375.25822
9-Oct-2020,26375.25822
10-Oct-2020,26375.25822
11-Oct-2020,26375.25822
12-Oct-2020,26375.25822
13-Oct-2020,26375.25822
14-Oct-2020,26375.25822
15-Oct-2020,26375.25822
16-Oct-2020,26375.25822
17-Oct-2020,26375.25822
18-Oct-2020,26375.25822
19-Oct-2020,26375.25822
20-Oct-2020,26375.25822
21-Oct-2020,26375.25822
22-Oct-2020,26375.25822
23-Oct-2020,26375.25822
24-Oct-2020,26375.25822
25-Oct-2020,26375.25822
26-Oct-2020,26375.25822
27-Oct-2020,26375.25822
28-Oct-2020,26375.25822
29-Oct-2020,26375.25822
30-Oct-2020,26375.25822
31-Oct-2020,26375.25822
1-Nov-2020,25281.38516
2-Nov-2020,25281.38516
3-Nov-2020,25281.38516
4-Nov-2020,25281.38516
5-Nov-2020,25281.38516
6-Nov-2020,25281.38516
7-Nov-2020,25281.38516
8-Nov-2020,25281.38516
9-Nov-2020,25281.38516
10-Nov-2020,25281.38516
11-Nov-2020,25281.38516
12-Nov-2020,25281.38516
13-Nov-2020,25281.38516
14-Nov-2020,25281.38516
15-Nov-2020,25281.38516
16-Nov-2020,25281.38516
17-Nov-2020,25281.38516
18-Nov-2020,25281.38516
19-Nov-2020,25281.38516
20-Nov-2020,25281.38516
21-Nov-2020,25281.38516
22-Nov-2020,25281.38516
23-Nov-2020,25281.38516
24-Nov-2020,25281.38516
25-Nov-2020,25281.38516
26-Nov-2020,25281.38516
27-Nov-2020,25281.38516
28-Nov-2020,25281.38516
29-Nov-2020,25281.38516
30-Nov-2020,25281.38516
1-Dec-2020,28431.41349
2-Dec-2020,28431.41349
3-Dec-2020,28431.41349
4-Dec-2020,28431.41349
5-Dec-2020,28431.41349
6-Dec-2020,28431.41349
7-Dec-2020,28431.41349
8-Dec-2020,28431.41349
9-Dec-2020,28431.41349
10-Dec-2020,28431.41349
11-Dec-2020,28431.41349
12-Dec-2020,28431.41349
13-Dec-2020,28431.41349
14-Dec-2020,28431.41349
15-Dec-2020,28431.41349
16-Dec-2020,28431.41349
17-Dec-2020,28431.41349
18-Dec-2020,28431.41349
19-Dec-2020,28431.41349
20-Dec-2020,28431.41349
21-Dec-2020,28431.41349
22-Dec-2020,28431.41349
23-Dec-2020,28431.41349
24-Dec-2020,28431.41349
25-Dec-2020,28431.41349
26-Dec-2020,28431.41349
27-Dec-2020,28431.41349
28-Dec-2020,28431.41349
29-Dec-2020,28431.41349
30-Dec-2020,28431.41349
31-Dec-2020,28431.41349
1-Jan-2021,28390.41827
2-Jan-2021,28390.41827
3-Jan-2021,28390.41827
4-Jan-2021,28390.41827
5-Jan-2021,28390.41827
6-Jan-2021,28390.41827
7-Jan-2021,28390.41827
8-Jan-2021,28390.41827
9-Jan-2021,28390.41827
10-Jan-2021,28390.41827
11-Jan-2021,28390.41827
12-Jan-2021,28390.41827
13-Jan-2021,28390.41827
14-Jan-2021,28390.41827
15-Jan-2021,28390.41827
16-Jan-2021,28390.41827
17-Jan-2021,28390.41827
18-Jan-2021,28390.41827
19-Jan-2021,28390.41827
20-Jan-2021,28390.41827
21-Jan-2021,28390.41827
22-Jan-2021,28390.41827
23-Jan-2021,28390.41827
24-Jan-2021,28390.41827
25-Jan-2021,28390.41827
26-Jan-2021,28390.41827
27-Jan-2021,28390.41827
28-Jan-2021,28390.41827
29-Jan-2021,28390.41827
30-Jan-2021,28390.41827
31-Jan-2021,28390.41827
1-Feb-2021,25297.90577
2-Feb-2021,25297.90577
3-Feb-2021,25297.90577
4-Feb-2021,25297.90577
5-Feb-2021,25297.90577
6-Feb-2021,25297.90577
7-Feb-2021,25297.90577
8-Feb-2021,25297.90577
9-Feb-2021,25297.90577
10-Feb-2021,25297.90577
11-Feb-2021,25297.90577
12-Feb-2021,25297.90577
13-Feb-2021,25297.90577
14-Feb-2021,25297.90577
15-Feb-2021,25297.90577
16-Feb-2021,25297.90577
17-Feb-2021,25297.90577
18-Feb-2021,25297.90577
19-Feb-2021,25297.90577
20-Feb-2021,25297.90577
21-Feb-2021,25297.90577
22-Feb-2021,25297.90577
23-Feb-2021,25297.90577
24-Feb-2021,25297.90577
25-Feb-2021,25297.90577
26-Feb-2021,25297.90577
27-Feb-2021,25297.90577
28-Feb-2021,25297.90577
1-Mar-2021,23828.88203
2-Mar-2021,23828.88203
3-Mar-2021,23828.88203
4-Mar-2021,23828.88203
5-Mar-2021,23828.88203
6-Mar-2021,23828.88203
7-Mar-2021,23828.88203
8-Mar-2021,23828.88203
9-Mar-2021,23828.88203
10-Mar-2021,23828.88203
11-Mar-2021,23828.88203
12-Mar-2021,23828.88203
13-Mar-2021,23828.88203
14-Mar-2021,23828.88203
15-Mar-2021,23828.88203
16-Mar-2021,23828.88203
17-Mar-2021,23828.88203
18-Mar-2021,23828.88203
19-Mar-2021,23828.88203
20-Mar-2021,23828.88203
21-Mar-2021,23828.88203
22-Mar-2021,23828.88203
23-Mar-2021,23828.88203
24-Mar-2021,23828.88203
25-Mar-2021,23828.88203
26-Mar-2021,23828.88203
27-Mar-2021,23828.88203
28-Mar-2021,23828.88203
29-Mar-2021,23828.88203
30-Mar-2021,23828.88203
31-Mar-2021,23828.88203
1-Apr-2021,24523.94112
2-Apr-2021,24523.94112
3-Apr-2021,24523.94112
4-Apr-2021,24523.94112
5-Apr-2021,24523.94112
6-Apr-2021,24523.94112
7-Apr-2021,24523.94112
8-Apr-2021,24523.94112
9-Apr-2021,24523.94112
10-Apr-2021,24523.94112
11-Apr-2021,24523.94112
12-Apr-2021,24523.94112
13-Apr-2021,24523.94112
14-Apr-2021,24523.94112
15-Apr-2021,24523.94112
16-Apr-2021,24523.94112
17-Apr-2021,24523.94112
18-Apr-2021,24523.94112
19-Apr-2021,24523.94112
20-Apr-2021,24523.94112
21-Apr-2021,24523.94112
22-Apr-2021,24523.94112
23-Apr-2021,24523.94112
24-Apr-2021,24523.94112
25-Apr-2021,24523.94112
26-Apr-2021,24523.94112
27-Apr-2021,24523.94112
28-Apr-2021,24523.94112
29-Apr-2021,24523.94112
30-Apr-2021,24523.94112
1-May-2021,23180.82042
2-May-2021,23180.82042
3-May-2021,23180.82042
4-May-2021,23180.82042
5-May-2021,23180.82042
6-May-2021,23180.82042
7-May-2021,23180.82042
8-May-2021,23180.82042
9-May-2021,23180.82042
10-May-2021,23180.82042
11-May-2021,23180.82042
12-May-2021,23180.82042
13-May-2021,23180.82042
14-May-2021,23180.82042
15-May-2021,23180.82042
16-May-2021,23180.82042
17-May-2021,23180.82042
18-May-2021,23180.82042
19-May-2021,23180.82042
20-May-2021,23180.82042
21-May-2021,23180.82042
22-May-2021,23180.82042
23-May-2021,23180.82042
24-May-2021,23180.82042
25-May-2021,23180.82042
26-May-2021,23180.82042
27-May-2021,23180.82042
28-May-2021,23180.82042
29-May-2021,23180.82042
30-May-2021,23180.82042
31-May-2021,23180.82042
1-Jun-2021,29598.0246
2-Jun-2021,29598.0246
3-Jun-2021,29598.0246
4-Jun-2021,29598.0246
5-Jun-2021,29598.0246
6-Jun-2021,29598.0246
7-Jun-2021,29598.0246
8-Jun-2021,29598.0246
9-Jun-2021,29598.0246
10-Jun-2021,29598.0246
11-Jun-2021,29598.0246
12-Jun-2021,29598.0246
13-Jun-2021,29598.0246
14-Jun-2021,29598.0246
15-Jun-2021,29598.0246
16-Jun-2021,29598.0246
17-Jun-2021,29598.0246
18-Jun-2021,29598.0246
19-Jun-2021,29598.0246
20-Jun-2021,29598.0246
21-Jun-2021,29598.0246
22-Jun-2021,29598.0246
23-Jun-2021,29598.0246
24-Jun-2021,29598.0246
25-Jun-2021,29598.0246
26-Jun-2021,29598.0246
27-Jun-2021,29598.0246
28-Jun-2021,29598.0246
29-Jun-2021,29598.0246
30-Jun-2021,29598.0246
1-Jul-2021,36927.00615
2-Jul-2021,36927.00615
3-Jul-2021,36927.00615
4-Jul-2021,36927.00615
5-Jul-2021,36927.00615
6-Jul-2021,36927.00615
7-Jul-2021,36927.00615
8-Jul-2021,36927.00615
9-Jul-2021,36927.00615
10-Jul-2021,36927.00615
11-Jul-2021,36927.00615
12-Jul-2021,36927.00615
13-Jul-2021,36927.00615
14-Jul-2021,36927.00615
15-Jul-2021,36927.00615
16-Jul-2021,36927.00615
17-Jul-2021,36927.00615
18-Jul-2021,36927.00615
19-Jul-2021,36927.00615
20-Jul-2021,36927.00615
21-Jul-2021,36927.00615
22-Jul-2021,36927.00615
23-Jul-2021,36927.00615
24-Jul-2021,36927.00615
25-Jul-2021,36927.00615
26-Jul-2021,36927.00615
27-Jul-2021,36927.00615
28-Jul-2021,36927.00615
29-Jul-2021,36927.00615
30-Jul-2021,36927.00615
31-Jul-2021,36927.00615
1-Aug-2021,37567.40591
2-Aug-2021,37567.40591
3-Aug-2021,37567.40591
4-Aug-2021,37567.40591
5-Aug-2021,37567.40591
6-Aug-2021,37567.40591
7-Aug-2021,37567.40591
8-Aug-2021,37567.40591
9-Aug-2021,37567.40591
10-Aug-2021,37567.40591
11-Aug-2021,37567.40591
12-Aug-2021,37567.40591
13-Aug-2021,37567.40591
14-Aug-2021,37567.40591
15-Aug-2021,37567.40591
16-Aug-2021,37567.40591
17-Aug-2021,37567.40591
18-Aug-2021,37567.40591
19-Aug-2021,37567.40591
20-Aug-2021,37567.40591
21-Aug-2021,37567.40591
22-Aug-2021,37567.40591
23-Aug-2021,37567.40591
24-Aug-2021,37567.40591
25-Aug-2021,37567.40591
26-Aug-2021,37567.40591
27-Aug-2021,37567.40591
28-Aug-2021,37567.40591
29-Aug-2021,37567.40591
30-Aug-2021,37567.40591
31-Aug-2021,37567.40591
1-Sep-2021,33186.18049
2-Sep-2021,33186.18049
3-Sep-2021,33186.18049
4-Sep-2021,33186.18049
5-Sep-2021,33186.18049
6-Sep-2021,33186.18049
7-Sep-2021,33186.18049
8-Sep-2021,33186.18049
9-Sep-2021,33186.18049
10-Sep-2021,33186.18049
11-Sep-2021,33186.18049
12-Sep-2021,33186.18049
13-Sep-2021,33186.18049
14-Sep-2021,33186.18049
15-Sep-2021,33186.18049
16-Sep-2021,33186.18049
17-Sep-2021,33186.18049
18-Sep-2021,33186.18049
19-Sep-2021,33186.18049
20-Sep-2021,33186.18049
21-Sep-2021,33186.18049
22-Sep-2021,33186.18049
23-Sep-2021,33186.18049
24-Sep-2021,33186.18049
25-Sep-2021,33186.18049
26-Sep-2021,33186.18049
27-Sep-2021,33186.18049
28-Sep-2021,33186.18049
29-Sep-2021,33186.18049
30-Sep-2021,33186.18049
1-Oct-2021,25960.35578
2-Oct-2021,25960.35578
3-Oct-2021,25960.35578
4-Oct-2021,25960.35578
5-Oct-2021,25960.35578
6-Oct-2021,25960.35578
7-Oct-2021,25960.35578
8-Oct-2021,25960.35578
9-Oct-2021,25960.35578
10-Oct-2021,25960.35578
11-Oct-2021,25960.35578
12-Oct-2021,25960.35578
13-Oct-2021,25960.35578
14-Oct-2021,25960.35578
15-Oct-2021,25960.35578
16-Oct-2021,25960.35578
17-Oct-2021,25960.35578
18-Oct-2021,25960.35578
19-Oct-2021,25960.35578
20-Oct-2021,25960.35578
21-Oct-2021,25960.35578
22-Oct-2021,25960.35578
23-Oct-2021,25960.35578
24-Oct-2021,25960.35578
25-Oct-2021,25960.35578
26-Oct-2021,25960.35578
27-Oct-2021,25960.35578
28-Oct-2021,25960.35578
29-Oct-2021,25960.35578
30-Oct-2021,25960.35578
31-Oct-2021,25960.35578
1-Nov-2021,25986.35224
2-Nov-2021,25986.35224
3-Nov-2021,25986.35224
4-Nov-2021,25986.35224
5-Nov-2021,25986.35224
6-Nov-2021,25986.35224
7-Nov-2021,25986.35224
8-Nov-2021,25986.35224
9-Nov-2021,25986.35224
10-Nov-2021,25986.35224
11-Nov-2021,25986.35224
12-Nov-2021,25986.35224
13-Nov-2021,25986.35224
14-Nov-2021,25986.35224
15-Nov-2021,25986.35224
16-Nov-2021,25986.35224
17-Nov-2021,25986.35224
18-Nov-2021,25986.35224
19-Nov-2021,25986.35224
20-Nov-2021,25986.35224
21-Nov-2021,25986.35224
22-Nov-2021,25986.35224
23-Nov-2021,25986.35224
24-Nov-2021,25986.35224
25-Nov-2021,25986.35224
26-Nov-2021,25986.35224
27-Nov-2021,25986.35224
28-Nov-2021,25986.35224
29-Nov-2021,25986.35224
30-Nov-2021,25986.35224
1-Dec-2021,26110.54492
2-Dec-2021,26110.54492
3-Dec-2021,26110.54492
4-Dec-2021,26110.54492
5-Dec-2021,26110.54492
6-Dec-2021,26110.54492
7-Dec-2021,26110.54492
8-Dec-2021,26110.54492
9-Dec-2021,26110.54492
10-Dec-2021,26110.54492
11-Dec-2021,26110.54492
12-Dec-2021,26110.54492
13-Dec-2021,26110.54492
14-Dec-2021,26110.54492
15-Dec-2021,26110.54492
16-Dec-2021,26110.54492
17-Dec-2021,26110.54492
18-Dec-2021,26110.54492
19-Dec-2021,26110.54492
20-Dec-2021,26110.54492
21-Dec-2021,26110.54492
22-Dec-2021,26110.54492
23-Dec-2021,26110.54492
24-Dec-2021,26110.54492
25-Dec-2021,26110.54492
26-Dec-2021,26110.54492
27-Dec-2021,26110.54492
28-Dec-2021,26110.54492
29-Dec-2021,26110.54492
30-Dec-2021,26110.54492
31-Dec-2021,26110.54492
1-Jan-2022,27277.16637
2-Jan-2022,27277.16637
3-Jan-2022,27277.16637
4-Jan-2022,27277.16637
5-Jan-2022,27277.16637
6-Jan-2022,27277.16637
7-Jan-2022,27277.16637
8-Jan-2022,27277.16637
9-Jan-2022,27277.16637
10-Jan-2022,27277.16637
11-Jan-2022,27277.16637
12-Jan-2022,27277.16637
13-Jan-2022,27277.16637
14-Jan-2022,27277.16637
15-Jan-2022,27277.16637
16-Jan-2022,27277.16637
17-Jan-2022,27277.16637
18-Jan-2022,27277.16637
19-Jan-2022,27277.16637
20-Jan-2022,27277.16637
21-Jan-2022,27277.16637
22-Jan-2022,27277.16637
23-Jan-2022,27277.16637
24-Jan-2022,27277.16637
25-Jan-2022,27277.16637
26-Jan-2022,27277.16637
27-Jan-2022,27277.16637
28-Jan-2022,27277.16637
29-Jan-2022,27277.16637
30-Jan-2022,27277.16637
31-Jan-2022,27277.16637